va,name,size
0x00401000,_explode,373
0x00401180,FUN_00401180,250
0x00401280,FUN_00401280,426
0x00401430,FUN_00401430,126
0x004014B0,FUN_004014b0,144
0x00401540,FUN_00401540,58
0x00401580,FUN_00401580,244
0x00401680,FUN_00401680,55
0x004016C0,?NET_SlaveInit@@YADPAUCN_INFO@@PAUNET_ADDRESS@@PADPAXP6AX3W4PLAYER_ACTION@@21J@Z3P6AX3W4NET_CONNECTED_STATE@@@ZH@Z,188
0x00401780,?NET_SlaveShutdown@@YAXXZ,35
0x004017B0,?NET_RequestPlayerList@@YADPAUNET_ADDRESS@@PAXP6AX1W4PLAYER_ACTION@@PAD0J@Z1P6AX1W4NET_CONNECTED_STATE@@@Z@Z,148
0x00401850,?NET_CancelPlayerList@@YAXXZ,44
0x004019A0,?player_list_process_pkt@@YAXPAUNET_PKT@@PAUsocket_state@@@Z,179
0x00401A60,FUN_00401a60,187
0x00401CD0,?handle_slave_connection_failed@@YAXPAUsocket_state@@@Z,344
0x00401E30,FUN_00401e30,114
0x00401EB0,?slave_process_pkt@@YAXPAUNET_PKT@@PAUsocket_state@@@Z,984
0x00402300,FUN_00402300,31
0x00402330,FUN_00402330,34
0x00402360,FUN_00402360,28
0x00402380,FUN_00402380,16
0x004024D0,FUN_004024d0,361
0x00402640,FUN_00402640,266
0x00402770,FUN_00402770,91
0x00402ED0,FUN_00402ed0,331
0x00403700,?usnfmain@@YAXXZ,5290
0x00404C70,?FlyingLoop@@YAXXZ,1747
0x00405360,FUN_00405360,56
0x004053A0,FUN_004053a0,36
0x004053D0,?IFMSetTime@@YAXD@Z,181
0x00405490,?VDOInit@@YIXXZ,31
0x004054B0,?ZeroFrame@@YGXPAEJJF@Z,51
0x004054F0,?netDialogAppIO@@YAJJPAD@Z,127
0x00405CD0,FUN_00405cd0,51
0x00405D10,?ip2long@@YADPADPAK@Z,222
0x00405DF0,?RunNetConfigurationScreen@@YGXJ@Z,51
0x00405E30,_HUDInitMessages@0,18
0x00405E50,?HUDDrawMessages@@YGXD@Z,241
0x00405F50,_HUDMessage@4,191
0x00406010,_HUDReprintMessages@0,44
0x00406040,_HUDInit@0,2257
0x00406920,_HUDRevive@0,42
0x00406950,_HUDShutdown@0,243
0x00406A50,_HUDDraw@4,14
0x00406A5E,FUN_00406a5e,2897
0x004075D0,FUN_004075d0,14
0x004075DE,FUN_004075de,462
0x004077B0,@HUDSetWarning@8,207
0x004078B0,FUN_004078b0,127
0x00407930,FUN_00407930,203
0x00407A00,FUN_00407a00,347
0x00407B60,?HUDDrawHeading@@YIXXZ,850
0x00407EC0,?HUDSpeedToY@@YIJJ@Z,30
0x00407EE0,?HUDDrawSpeed@@YIXXZ,1311
0x00408400,?HUDAltToY@@YIJJ@Z,30
0x00408420,?HUDDrawAlt@@YIXXZ,1296
0x00408930,@InitScreenMove@4,106
0x004089A0,FUN_004089a0,735
0x00408C80,FUN_00408c80,11
0x00408C8B,FUN_00408c8b,402
0x00408E20,?HUDDrawHVel@@YIXXZ,516
0x00409030,?HUDDrawWeaponInfo@@YIXXZ,11
0x0040903B,FUN_0040903b,631
0x004092D0,?HUDDrawRangeInfo@@YIXXZ,1164
0x00409760,FUN_00409760,420
0x00409910,FUN_00409910,11
0x0040991B,FUN_0040991b,717
0x00409BF0,FUN_00409bf0,11
0x00409BFB,FUN_00409bfb,813
0x00409F30,FUN_00409f30,1311
0x0040A450,@HUDSquawk@0,212
0x0040A530,@HUDFindNearest@8,389
0x0040A6C0,FUN_0040a6c0,298
0x0040A7F0,FUN_0040a7f0,709
0x0040AAC0,@HUDBrightness@4,69
0x0040AB10,_HUDSetFont@0,31
0x0040AB30,_HUDSetSymFont@0,31
0x0040AB50,_HUDSetWinFont@0,31
0x0040AB70,@HUDSetDisrupt@4,59
0x0040ABB0,?HUDDrawDisrupt@@YIXXZ,205
0x0040AC80,?HUDSetStability@@YIJXZ,90
0x0040ACE0,?HUDDrawStability@@YIXXZ,93
0x0040AD40,@ComputeBombPosition@4,11
0x0040AD4B,FUN_0040ad4b,238
0x0040AE40,?HUDHasFlaps@@YIDXZ,11
0x0040AE50,?NET_MasterInit@@YADPAUCN_INFO@@PAXP6AX1W4PLAYER_ACTION@@PADPAUNET_ADDRESS@@J@Z1P6AX1W4NET_CONNECTED_STATE@@@Z@Z,225
0x0040AFA0,?NET_MasterStartGame@@YADXZ,67
0x0040AFF0,?NET_MasterRejectPlayer@@YAXPAUNET_ADDRESS@@PAD@Z,132
0x0040B080,?NET_MasterShutdown@@YAXXZ,131
0x0040B320,FUN_0040b320,669
0x0040B600,FUN_0040b600,87
0x0040B660,FUN_0040b660,70
0x0040B6B0,FUN_0040b6b0,100
0x0040B720,FUN_0040b720,103
0x0040B790,FUN_0040b790,100
0x0040B800,FUN_0040b800,154
0x0040B8A0,?MouseLoadPtr@@YGXXZ,362
0x0040BA10,?ShellSetup@@YGXXZ,515
0x0040BC20,?MaybeCampaignMenu@@YGXPADJJD@Z,211
0x0040BD00,?MaybeCampaignMenu2@@YGXPADJJD@Z,43
0x0040BD30,?MenuStartUp@@YGXPADJJDJ@Z,523
0x0040BF40,FUN_0040bf40,18
0x0040BF60,FUN_0040bf60,461
0x0040C130,FUN_0040c130,33
0x0040C160,FUN_0040c160,49
0x0040C1A0,?MenuRemoveItem@@YAXJ@Z,47
0x0040C1D0,FUN_0040c1d0,31
0x0040C1F0,?MenuCreateRemaps@@YGXXZ,145
0x0040C290,?ShellOff@@YGXXZ,119
0x0040C310,?MenuShutDown@@YGXD@Z,251
0x0040C410,?MenuDrawBar@@YIXD@Z,218
0x0040C4F0,?MenuUpdate@@YGGXZ,173
0x0040C5A0,FUN_0040c5a0,197
0x0040C670,FUN_0040c670,795
0x0040C990,FUN_0040c990,373
0x0040CB10,FUN_0040cb10,37
0x0040CB40,FUN_0040cb40,55
0x0040CB80,FUN_0040cb80,205
0x0040CC50,FUN_0040cc50,205
0x0040CD20,FUN_0040cd20,190
0x0040CDE0,?CheckItem@@YIXDG@Z,27
0x0040CE00,FUN_0040ce00,110
0x0040CE70,?EnableItem@@YIXG@Z,16
0x0040CE80,?DisableItem@@YIXG@Z,14
0x0040CEA0,FUN_0040cea0,87
0x0040CF00,FUN_0040cf00,52
0x0040CF40,FUN_0040cf40,87
0x0040CFA0,FUN_0040cfa0,52
0x0040CFE0,?ShadowBox@@YGXJJJJ@Z,11
0x0040CFEB,FUN_0040cfeb,403
0x0040D180,?MenuSteelRect@@YGXJJJJ@Z,520
0x0040D390,FUN_0040d390,330
0x0040D4E0,FUN_0040d4e0,259
0x0040D5F0,?PushShellAlloc@@YGXXZ,37
0x0040D620,?PopShellAlloc@@YGXXZ,29
0x0040D640,?ShellShowMouse@@YGXXZ,98
0x0040D6B0,?ShellHideMouse@@YGXXZ,40
0x0040D6E0,?ShellMousePos@@YGXXZ,163
0x0040D790,?MouseInBox@@YIDPAUBOX@@@Z,12
0x0040D7A0,_VIEWSlew@12,80
0x0040D7F0,FUN_0040d7f0,18
0x0040D810,FUN_0040d810,2530
0x0040E240,FUN_0040e240,113
0x0040E2C0,FUN_0040e2c0,101
0x0040E330,FUN_0040e330,67
0x0040E380,_VIEWImmediateVisibility@0,21
0x0040E3A0,FUN_0040e3a0,165
0x0040E450,FUN_0040e450,27
0x0040E470,FUN_0040e470,1139
0x0040E930,_VIEWInTransition@0,36
0x0040E960,FUN_0040e960,564
0x0040EBA0,FUN_0040eba0,28
0x0040EBC0,FUN_0040ebc0,1635
0x0040F230,FUN_0040f230,63
0x0040F270,FUN_0040f270,89
0x0040F2D0,FUN_0040f2d0,700
0x0040F590,_VIEWChangeObj@12,54
0x0040F5D0,FUN_0040f5d0,219
0x0040F6B0,_DAMAGEInit2@0,167
0x0040F760,_DAMAGEInit@0,516
0x0040F970,_DAMAGEDoHit@12,3214
0x004106C0,FUN_004106c0,14
0x004106D0,_DAMAGEPorpoise@16,306
0x00410810,FUN_00410810,154
0x004108B0,_DAMAGEUpdate@0,2512
0x00411280,FUN_00411280,142
0x00411330,FUN_00411330,25
0x00411350,_DAMAGEReport@0,77
0x004113A0,FUN_004113a0,22
0x004113C0,_DAMAGEAutopilotAvail@0,175
0x00411470,FUN_00411470,124
0x004114F0,_ResetKeyboard,70
0x00411540,_ShutdownKeyboard,28
0x00411560,_GetKey2,87
0x004115F0,_GetKeyFlags,8
0x00411600,?KEYEvent@@YAXIIJ@Z,641
0x00411890,_KEYECS,21
0x004118B0,_KEYLCS,21
0x004118D0,_KEYPause,52
0x00411910,_OnTheGround@0,50
0x00411950,@TurnTowardAngle@12,75
0x004119A0,_MatchF24@12,72
0x00411A20,_LibraryStartup,15
0x00411A30,_LibraryShutdown,14
0x00411A40,_Angles@16,172
0x00411AF0,_AngleOffNose@4,97
0x00411B60,_AnglesOffNose@16,112
0x00411BD0,_Clock@16,134
0x00411C60,@Checksum@8,68
0x00411CB0,_Octant@8,86
0x00411D10,_RotatedOffset@20,42
0x00411D40,_RotatedOffsetF24@20,154
0x00411DE0,@FeetToNM@8,23
0x00411E00,_InBounds@8,52
0x00411E40,_InBounds3@8,70
0x00411E90,_BoundsAnd@8,99
0x00411F00,@PutFakeKey@4,32
0x00411F20,_GetFakeKey@0,35
0x00411F50,_SpeedToXYZ@12,104
0x00411FC0,_DistToObj@8,33
0x00411FF0,@Vertical@4,50
0x00412030,@NextString@8,38
0x00412060,_MaybeExitToDOS@0,89
0x004120C0,_Move3d@16,138
0x00412150,@Strend@4,23
0x00412170,_PointInBox@8,86
0x004121D0,_Strncpy@12,34
0x00412200,_DistToLine@12,314
0x00412340,@SortObjs@8,137
0x00412480,_InterpAngle@16,93
0x004124E0,@SampleInit@8,98
0x00412550,@SampleShutdown@4,20
0x00412570,@SampleUpdate@8,71
0x004125C0,_SampleGet@12,433
0x00412780,@SpeedOfSound@4,41
0x004127B0,_ScreenDump@0,374
0x00412930,_WaitKey,35
0x00412960,_GetKey,50
0x004129A0,_PrintShapeName@0,1
0x004129B0,_GetRotatedOffsetF24@12,96
0x00412A10,@ObjRadius@4,24
0x00412A30,@SetHShake@8,47
0x00412A60,@SetVShake@8,47
0x00412A90,@ButtonSound@4,33
0x00412B00,@StringIsNumber@4,79
0x00412B50,@StringToNumber@4,190
0x00412C10,?PlaySeq@@YGDPADJJ@Z,149
0x00412CB0,_NearestObj@16,235
0x00412DA0,_LimitAngle@12,66
0x00412DF0,?CompareMemory@@YAHPBX0I@Z,47
0x00412E20,FUN_00412e20,76
0x00412FC0,_cdpath,340
0x00413120,_CHATInit@0,44
0x00413151,FUN_00413151,611
0x004133C0,@CHATKey@4,1272
0x004138C0,FUN_004138c0,76
0x00413920,FUN_00413920,63
0x00413960,FUN_00413960,489
0x00413B60,_CHATGetEditLine@0,143
0x00413BF0,_CHATEndMission@0,33
0x00413C20,_CHATFixKeyarray@0,72
0x00413C70,?TVKey@@YIGG@Z,159
0x00413D10,_SlewKey,850
0x004140A0,@SetPlayerTarget@4,31
0x004140C0,@TargetNearestTo@12,177
0x00414180,@GetTargetPositions@4,72
0x004141D0,_Targetable@16,531
0x004143F0,@SetPlayerContact@4,17
0x00414410,@ContactNearestTo@12,148
0x004144B0,@GetContactPositions@4,83
0x00414510,?MessagesToPlayer@@YAHXZ,379
0x00414690,@FlightKey@4,5724
0x00415E30,FUN_00415e30,321
0x00415F80,FUN_00415f80,195
0x00416050,FUN_00416050,235
0x00416140,FUN_00416140,182
0x00416200,FUN_00416200,192
0x004162C0,FUN_004162c0,192
0x00416380,@SetAutopilot@8,99
0x004163F0,FUN_004163f0,127
0x00416470,@ForceAutopilot@4,32
0x00416490,_RestoreAutopilot@0,30
0x004164B0,_ServicePlayer@0,3079
0x004170C0,FUN_004170c0,133
0x00417150,FUN_00417150,990
0x00417530,FUN_00417530,237
0x00417620,FUN_00417620,112
0x00417690,FUN_00417690,12
0x0041769C,FUN_0041769c,176
0x00417760,_InitPlayerControl@0,236
0x00417850,_InputCalibrate,43
0x00417880,_GetPlayerControl@0,75
0x004178D0,?KeyStick@@YAGFG@Z,319
0x00417F00,_Slew@16,357
0x00418070,_MSGInit@0,40
0x004180A0,_MSGSend@32,1279
0x004185A0,_MSGReceive@8,309
0x004186E0,_MSGHide@0,37
0x00418710,_MSGPop@0,29
0x00418730,_MSGMultiCanGet@0,14
0x0041873E,FUN_0041873e,167
0x004187F0,@MSGMultiGet@4,138
0x00418880,_MSGSendChatter@24,352
0x004189E0,_MSGRemoveCurObj@0,45
0x00418A10,@MSGRemoveSecondaries@4,56
0x00418A50,FUN_00418a50,547
0x00419210,FUN_00419210,350
0x00419390,FUN_00419390,211
0x004197D0,@ArmPlane@4,11115
0x0041C3A9,FUN_0041c3a9,174
0x0041C460,FUN_0041c460,129
0x0041C4F0,FUN_0041c4f0,154
0x0041C590,FUN_0041c590,124
0x0041C610,FUN_0041c610,231
0x0041C700,FUN_0041c700,140
0x0041C790,FUN_0041c790,141
0x0041C820,_NamesShutdown@0,25
0x0041C840,@GetNames@4,3390
0x0041D580,FUN_0041d580,189
0x0041D640,FUN_0041d640,38
0x0041D670,FUN_0041d670,128
0x0041D6F0,FUN_0041d6f0,42
0x0041D720,_FreeNames@0,22
0x0041D740,?CreateSingleton@CDirDraw@@SAHXZ,150
0x0041D7ED,FUN_0041d7ed,8
0x0041D800,?DeleteSingleton@CDirDraw@@SAXXZ,124
0x0041D886,FUN_0041d886,8
0x0041D890,FUN_0041d890,99
0x0041D8FD,FUN_0041d8fd,8
0x0041D910,?Create@CDirDraw@@QAEHPAX@Z,193
0x0041D9DB,FUN_0041d9db,8
0x0041D9F0,?SetDisplayMode@CDirDraw@@QAEHKKK@Z,40
0x0041DA20,?SetDisplayModeFromMain@CDirDraw@@QAEHKKK@Z,675
0x0041DCCD,FUN_0041dccd,8
0x0041DCE0,?CreateSurface@CDirDraw@@IAEPAVCDirDrawSurface@@PAU_DDSURFACEDESC@@@Z,168
0x0041DDA0,?CreatePrimarySurface@CDirDraw@@QAEPAVCDirDrawSurface@@W4T_MODE@@@Z,113
0x0041DE20,?CreateSecondarySurface@CDirDraw@@QAEPAVCDirDrawSurface@@GG@Z,85
0x0041DEB0,?Destroy@CDirDraw@@QAEXXZ,133
0x0041DF3F,FUN_0041df3f,8
0x0041DF50,?SetCooperativeLevel@CDirDraw@@QAEHK@Z,140
0x0041DFE6,FUN_0041dfe6,8
0x0041DFF0,?GetDriverCaps@CDirDraw@@QAEPBU_DDCAPS@@XZ,20
0x0041E060,?WaitForVerticalBlank@CDirDraw@@QAEXK@Z,47
0x0041E090,?EnumDisplayModes@CDirDraw@@QAEKXZ,141
0x0041E127,FUN_0041e127,8
0x0041E130,?ModeCallback@@YGJPAU_DDSURFACEDESC@@PAX@Z,437
0x0041E2F0,?Destroy@CDirDraw@@QAEXXZ,5
0x0041E300,?ShowDDError@CDirDraw@@SAXJ@Z,1
0x0041E310,?ddECS@CDirDraw@@SAXXZ,21
0x0041E330,?ddLCS@CDirDraw@@SAXXZ,21
0x0041E350,FUN_0041e350,12
0x0041E360,?ddLCS@CDirDraw@@SAXXZ,5
0x0041E370,_SetConfig@12,768
0x0041E6D0,FUN_0041e6d0,284
0x0041E7F0,FUN_0041e7f0,67
0x0041E840,?atohb@@YADPADPAEH@Z,156
0x0041E8E0,_WriteConfig,5
0x0041E8F0,?IsBrentDLL@@YIDPAX@Z,22
0x0041E910,_IsDLL@4,122
0x0041E990,?VAToPtrInFile@@YGPAXPAU_IMAGE_DOS_HEADER@@JPAPAUSECTION_INFO@@@Z,240
0x0041EA80,?FindSection@@YGXPAU_IMAGE_DOS_HEADER@@PADPAUSECTION_INFO@@@Z,209
0x0041EB60,_LoadDLL@16,911
0x0041EEF0,FUN_0041eef0,20
0x0041EF10,FUN_0041ef10,443
0x0041F0D0,FUN_0041f0d0,156
0x0041F170,FUN_0041f170,193
0x0041F240,?LoadBrentDLL@@YGPAUT_HANDLE@@PAEPAU1@F@Z,1276
0x0041F740,FUN_0041f740,67
0x0041F790,FUN_0041f790,16
0x0041F7A0,FUN_0041f7a0,62
0x0041F7E0,FUN_0041f7e0,25
0x0041F800,FUN_0041f800,39
0x0041F830,@FortMultiButton@8,15
0x0041F840,@FortMultiButtonText@8,143
0x0041F8D0,FUN_0041f8d0,309
0x0041FB60,_FortMission@4,3075
0x00420790,FUN_00420790,37
0x004207C0,FUN_004207c0,49
0x00420800,FUN_00420800,39
0x00420830,FUN_00420830,629
0x00420AB0,FUN_00420ab0,20
0x00420AD0,FUN_00420ad0,65
0x00420B20,FUN_00420b20,129
0x00420BB0,FUN_00420bb0,1503
0x004211C0,FUN_004211c0,753
0x004214C0,FUN_004214c0,91
0x00421520,FUN_00421520,57
0x00421560,FUN_00421560,300
0x004216C0,FUN_004216c0,474
0x004218A0,FUN_004218a0,124
0x00421920,FUN_00421920,1
0x00421930,FUN_00421930,127
0x004219B0,_StopCobraSound@0,17
0x004219D0,_StartCobraSound@0,127
0x00421A50,_PlayCobra@4,531
0x00421C70,_ZONEInit@0,10
0x00421D40,FUN_00421d40,138
0x00421DD0,_ZONEUpdate@0,16
0x00421DE0,FUN_00421de0,797
0x00422120,FUN_00422120,106
0x00422190,FUN_00422190,64
0x004221D0,@MAPObjAlts@4,86
0x00422230,FUN_00422230,202
0x00422300,@MAPSetSide@4,25
0x00422320,@MAPMaybeSetControl@8,45
0x00422350,FUN_00422350,36
0x00422380,?MAPWorldToScreen@@YIXPAUF24_POINT3@@PAUWORD_POINT@@@Z,62
0x004223BE,?MAPDrawGrid@@YGXXZ,245
0x004224B3,FUN_004224b3,59
0x004224EE,?MAPDrawBG@@YGXXZ,124
0x0042256A,FUN_0042256a,106
0x004225D4,FUN_004225d4,147
0x00422667,FUN_00422667,24
0x0042267F,@MAPUpdateWPPtrs@8,76
0x004226CB,FUN_004226cb,35
0x004226EE,FUN_004226ee,2
0x004226F0,@MAPSetNewWP@8,189
0x004227AD,@MAPMaybeClearSelWP@8,123
0x00422828,FUN_00422828,24
0x00422840,FUN_00422840,17
0x00422851,?MAPDrawSpecials@@YGXXZ,301
0x0042297E,FUN_0042297e,143
0x00422A0D,?MAPOnSpecial@@YIFPAUWORD_POINT@@@Z,100
0x00422A71,FUN_00422a71,5142
0x00423ED4,FUN_00423ed4,85
0x00423F30,FUN_00423f30,95
0x00423F90,FUN_00423f90,51
0x00423FD0,FUN_00423fd0,102
0x00424040,FUN_00424040,131
0x004240D0,FUN_004240d0,197
0x004241A0,FUN_004241a0,41
0x004241D0,FUN_004241d0,78
0x00424220,FUN_00424220,103
0x00424290,FUN_00424290,3
0x004242A0,FUN_004242a0,2866
0x00424DE0,FUN_00424de0,117
0x00424E60,FUN_00424e60,86
0x00424EC0,FUN_00424ec0,87
0x00424F20,FUN_00424f20,131
0x00424FA3,FUN_00424fa3,128
0x00425023,FUN_00425023,79
0x00425072,FUN_00425072,36
0x00425096,FUN_00425096,56
0x004250CE,FUN_004250ce,200
0x00425196,FUN_00425196,179
0x00425249,FUN_00425249,225
0x0042532A,FUN_0042532a,46
0x00425358,FUN_00425358,1520
0x00425948,FUN_00425948,327
0x00425A8F,FUN_00425a8f,62
0x00425ACD,FUN_00425acd,190
0x00425B8B,FUN_00425b8b,127
0x00425C0A,FUN_00425c0a,109
0x00425C77,FUN_00425c77,1536
0x00426277,FUN_00426277,103
0x004262DE,FUN_004262de,71
0x00426325,FUN_00426325,362
0x0042648F,FUN_0042648f,254
0x0042658D,FUN_0042658d,52
0x004265C1,FUN_004265c1,213
0x00426696,FUN_00426696,334
0x004267E4,FUN_004267e4,743
0x00426ACB,FUN_00426acb,158
0x00426B70,FUN_00426b70,128
0x00426BF0,FUN_00426bf0,85
0x00426C45,FUN_00426c45,40
0x00426C6D,FUN_00426c6d,256
0x00426D6D,FUN_00426d6d,43
0x00426D98,FUN_00426d98,74
0x00426DE2,FUN_00426de2,85
0x00426E37,FUN_00426e37,862
0x00427195,FUN_00427195,88
0x004271ED,FUN_004271ed,1203
0x004276A0,FUN_004276a0,73
0x004276E9,FUN_004276e9,56
0x00427721,FUN_00427721,72
0x00427769,FUN_00427769,2676
0x004281DD,FUN_004281dd,139
0x00428270,FUN_00428270,83
0x004282D0,FUN_004282d0,102
0x00428340,FUN_00428340,210
0x00428412,FUN_00428412,184
0x004284CA,FUN_004284ca,416
0x0042866A,FUN_0042866a,900
0x004289EE,FUN_004289ee,77
0x00428A3B,FUN_00428a3b,180
0x00428AEF,FUN_00428aef,1878
0x00429245,FUN_00429245,141
0x004292D2,FUN_004292d2,122
0x0042934C,FUN_0042934c,2706
0x00429DDE,FUN_00429dde,1944
0x0042A656,FUN_0042a656,196
0x0042A71A,FUN_0042a71a,102
0x0042A780,FUN_0042a780,442
0x0042A93A,FUN_0042a93a,138
0x0042A9C4,FUN_0042a9c4,140
0x0042AA50,FUN_0042aa50,140
0x0042AADC,FUN_0042aadc,140
0x0042AB68,FUN_0042ab68,140
0x0042ABF4,FUN_0042abf4,140
0x0042AC80,FUN_0042ac80,181
0x0042AD35,FUN_0042ad35,266
0x0042AE3F,FUN_0042ae3f,160
0x0042AEDF,FUN_0042aedf,167
0x0042AF86,FUN_0042af86,208
0x0042B056,FUN_0042b056,160
0x0042B0F6,FUN_0042b0f6,167
0x0042B19D,FUN_0042b19d,216
0x0042B275,FUN_0042b275,58
0x0042B800,_Collision@56,1326
0x0042BD30,@COLSetAngle@8,129
0x0042BDC0,FUN_0042bdc0,8
0x0042BDC8,FUN_0042bdc8,497
0x0042BFC0,FUN_0042bfc0,480
0x0042C1A0,FUN_0042c1a0,627
0x0042C420,FUN_0042c420,1051
0x0042C840,FUN_0042c840,360
0x0042C9B0,FUN_0042c9b0,1662
0x0042D050,FUN_0042d050,3394
0x0042DDA0,?COLFlatGround@@YIDJPAUF24_POINT3@@00@Z,189
0x0042DE60,FUN_0042de60,288
0x0042DF80,@COLPitchToAvoidTerrain@0,310
0x0042E0C0,_COLGetInfo@4,52
0x0042E100,@COLGetBox@8,52
0x0042E1D0,FUN_0042e1d0,775
0x0042E4E0,@COLTerrainBlocking@4,79
0x0042E530,@COLInit@0,13
0x0042E540,@COLAddObj@0,127
0x0042E5C0,@COLRemoveCurObj@0,185
0x0042E680,@QuickMultiButton@8,15
0x0042E690,@QuickMultiButtonText@8,130
0x0042E720,FUN_0042e720,329
0x0042E9A0,_QuickMission@4,2356
0x0042F2E0,FUN_0042f2e0,1431
0x0042F880,FUN_0042f880,128
0x0042F900,FUN_0042f900,129
0x0042F990,FUN_0042f990,993
0x0042FDE0,FUN_0042fde0,753
0x004300E0,FUN_004300e0,109
0x00430150,FUN_00430150,73
0x004301A0,FUN_004301a0,1065
0x00430680,FUN_00430680,540
0x004308A0,FUN_004308a0,345
0x00430A00,FUN_00430a00,132
0x00430A90,FUN_00430a90,3888
0x00431A20,FUN_00431a20,133
0x00431AB0,FUN_00431ab0,1844
0x00432210,FUN_00432210,46
0x00432240,FUN_00432240,913
0x004325E0,FUN_004325e0,40
0x00432610,FUN_00432610,207
0x004326E0,FUN_004326e0,26
0x00432700,FUN_00432700,116
0x00432780,FUN_00432780,26
0x004327A0,FUN_004327a0,26
0x004327C0,FUN_004327c0,33
0x004327F0,FUN_004327f0,95
0x00432850,FUN_00432850,73
0x004328B0,?InitMusic@@YIXXZ,104
0x00432920,?ShutDownMidi@@YIXXZ,128
0x004329A0,?DMusicOn@@YIXPADF@Z,52
0x004329E0,?MusicOn@@YIXPADF@Z,153
0x00432A90,?SoundActive@@YAFFF@Z,171
0x00432B40,?MusicVolume@@YIXG@Z,131
0x00432BD0,?DMusicOff@@YIXXZ,37
0x00432C00,?MusicOff@@YIXXZ,43
0x00432C30,?ScoreOn@@YIXPAXD@Z,59
0x00432C70,?ScoreOff@@YIXXZ,40
0x00432CA0,?ScoreUpdate@@YIXXZ,11
0x00432CAB,FUN_00432cab,680
0x00432F70,?ScorePlaying@@YIDXZ,11
0x00432F80,?ShellMusicUpdate@@YIXJ@Z,11
0x00432F8B,FUN_00432f8b,461
0x00433170,?ShellMusic@@YAXD@Z,10
0x00433180,?InitSound@@YIXXZ,255
0x00433280,?ShutDownSndDriver@@YIXXZ,111
0x00433300,?InitMixer@@YIFXZ,378
0x00433480,?SoundPoints@@YIXXZ,67
0x004334D0,?SoundNoMixer@@YGFPADFF@Z,173
0x00433580,?SingleSound@@YGFPADFEF@Z,62
0x004335C0,@BasicSound@8,43
0x00433640,?LoopSound@@YGFPADFEF@Z,62
0x00433680,?SoundOn@@YGFPADFFDGFFDFFGGFEF@Z,11
0x0043368B,FUN_0043368b,1610
0x00433CE0,?SoundOff@@YIXF@Z,89
0x00433D40,?SoundAllOff@@YIXXZ,58
0x00433D80,?SoundSetup@@YIXPAUMODSPEC@@0D@Z,1583
0x004343B0,?ViewPan@@YIFPAUF24_POINT3@@@Z,416
0x00434550,?Turbulence@@YIJGPAUPLANE@@@Z,208
0x00434620,?SoundRelease@@YIXF@Z,376
0x004347A0,?CheckSndPurge@@YIXPAUT_HANDLE@@@Z,61
0x004347E0,?SetupLoopSounds@@YIXXZ,22
0x00434800,?MaybeLoopSound@@YGXPADGFDFFFFFF@Z,275
0x00434920,?UpdateLoopSounds@@YIXXZ,163
0x004349D0,?ServiceSounds@@YIXXZ,11
0x004349DB,FUN_004349db,2718
0x00435480,?StopGameSounds@@YIXXZ,36
0x004357C0,?SoundPrioritize@@YIXXZ,308
0x00435900,?StartWaitingSounds@@YIXXZ,118
0x00435980,?StartVoice@@YAXPAUMODSPEC@@G@Z,125
0x00435A00,?SetVolPitchPan@@YIXPAUMODSPEC@@G@Z,209
0x00435AE0,?CheckSndLink@@YAXPAUMODSPEC@@@Z,94
0x00435B80,?SoundStatus@@YAFXZ,61
0x00435BC0,?SndLostFocus@@YAXXZ,88
0x00435C20,?SndGotFocus@@YAXXZ,8
0x00435C30,?SoundName@@YIPADF@Z,46
0x00435C60,@MMInit@4,213
0x00435D40,@MMShutdown@0,52
0x00435D80,@MMAllocHandle@8,62
0x00435DC0,@MMMapFile@8,195
0x00435E90,?MMUnmapFile@@YIXPAX00@Z,54
0x00435ED0,?MMUseHandle@@YIPAUT_HANDLE@@PAXKGE@Z,145
0x00435F70,@MMAllocPtr@8,16
0x00435F80,@MMFreeHandle@4,180
0x00436040,@MMFreePtr@4,17
0x00436060,@MMReallocHandle@8,110
0x004360D0,@MMReallocPtr@8,16
0x004360E0,?MMInternalAlloc@@YIPAXK@Z,35
0x00436110,?MMInternalFree@@YIDPAXK@Z,37
0x00436140,@MMPtrToHandle@4,35
0x00436170,@MMPushAllocId@4,31
0x00436190,@MMPopAllocId@0,23
0x004361B0,@MMCompactRAM@0,3
0x004361C0,@MMFreeAllId@4,37
0x004361F0,@MMHandleLen@4,18
0x00436210,@MMLock@8,11
0x00436220,@MMLockW@8,11
0x00436230,@MMLockR@8,11
0x00436260,@MMUnlock@4,1
0x00436270,@MMAccessR@4,11
0x00436280,@MMAccessW@4,11
0x00436290,_MMAccessE@12,34
0x004362D0,_MMByteAt,12
0x004362E0,_MMWordAt,13
0x00436310,_MMULongAt,12
0x00436B30,_MoveObj@0,5879
0x004382D0,MoveGoalValue,388
0x00438480,FUN_00438480,145
0x00438520,@CPSetMissile@4,158
0x004385C0,@CPClearMissile@0,19
0x004385E0,@CPCopyView@0,212
0x004386C0,@CPToggleWindow@4,388
0x00438870,?WPCInit@@YAHJ@Z,11
0x0043887B,FUN_0043887b,757
0x00438B70,_CPInit@0,1527
0x00439170,_CPShutdown@0,167
0x00439220,_CPDraw@8,3100
0x00439E40,FUN_00439e40,543
0x0043A0B0,FUN_0043a0b0,217
0x0043A190,FUN_0043a190,552
0x0043A400,FUN_0043a400,439
0x0043A5C0,FUN_0043a5c0,5499
0x0043BB50,FUN_0043bb50,66
0x0043BBA0,FUN_0043bba0,956
0x0043BF60,FUN_0043bf60,905
0x0043C2F0,FUN_0043c2f0,696
0x0043C5B0,FUN_0043c5b0,94
0x0043C610,FUN_0043c610,150
0x0043C6B0,FUN_0043c6b0,2058
0x0043CEC0,FUN_0043cec0,67
0x0043CF10,FUN_0043cf10,150
0x0043CFB0,FUN_0043cfb0,295
0x0043D0E0,FUN_0043d0e0,417
0x0043D290,FUN_0043d290,452
0x0043D460,FUN_0043d460,551
0x0043D690,FUN_0043d690,11
0x0043D69B,FUN_0043d69b,1179
0x0043DB40,FUN_0043db40,379
0x0043DCC0,FUN_0043dcc0,257
0x0043DDD0,@CPRadarRange@4,46
0x0043DE00,@CPToggleHistory@0,16
0x0043DE10,?UsingSuppRadar@@YADXZ,120
0x0043DE90,?CPSetSkill@@YAXF@Z,77
0x0043DEE0,@CPAddItemToScopes@4,142
0x0043DF70,FUN_0043df70,11
0x0043DF7B,FUN_0043df7b,670
0x0043E220,FUN_0043e220,265
0x0043E330,FUN_0043e330,283
0x0043E450,FUN_0043e450,682
0x0043E700,FUN_0043e700,119
0x0043E780,@CPRemoveItemFromScopes@4,38
0x0043E7B0,FUN_0043e7b0,35
0x0043E7E0,@CPBombRange@4,46
0x0043E810,_CPUpdateRadar@0,21
0x0043E830,_CPResetRWR@0,131
0x0043E8C0,_CPComputeRCS@8,374
0x0043EA40,FUN_0043ea40,1692
0x0043F0E0,FUN_0043f0e0,10
0x0043F0EA,FUN_0043f0ea,399
0x0043F280,FUN_0043f280,115
0x0043F300,FUN_0043f300,89
0x0043F360,FUN_0043f360,422
0x0043F510,FUN_0043f510,10
0x0043F51A,FUN_0043f51a,1488
0x0043FAF0,FUN_0043faf0,4350
0x00440BF0,FUN_00440bf0,261
0x00440D00,FUN_00440d00,271
0x00440E10,@CPNextTarget@4,457
0x00440FE0,?CPUpdateIRItems@@YGXXZ,222
0x00441160,?CPGetContact@@YGGJ@Z,27
0x00441180,FUN_00441180,216
0x00441260,FUN_00441260,1393
0x004417E0,FUN_004417e0,1138
0x00441C60,_ChooseScoreInit,47
0x00441C90,_ChooseScore,740
0x00442360,?InitMovieContext@@YAXPAUMovieContext@@JJ@Z,12
0x00442370,?DecodeFrame@@YAXPAUMovieContext@@PAUFrameHeader@@PAUGlobalData@@@Z,676
0x0044275A,FUN_0044275a,796
0x00442C00,_GRAPHICInit@0,416
0x00442DA0,@GRAPHICRemove@4,62
0x00442DE0,_GRAPHICUpdate@0,44
0x00442E10,FUN_00442e10,771
0x00443120,FUN_00443120,141
0x004431B0,_GRAPHICAddYourObjs@4,277
0x004432D0,_GRAPHICAddExp@28,2133
0x00443B70,FUN_00443b70,225
0x00443C60,FUN_00443c60,149
0x00443D00,@GRAPHICAddCrater@12,190
0x00443DC0,@GRAPHICAddHulk@12,183
0x00443E80,_GRAPHICAddSmoke@28,265
0x00443F90,_GRAPHICAddSmokeAdder@40,135
0x00444020,_GRAPHICAddFire@32,197
0x004440F0,_GRAPHICAddInvisible@20,94
0x00444150,_GRAPHICMakeAdder@24,114
0x004441D0,_GRAPHICAddDebris@24,503
0x004443D0,_GRAPHICAddClusterRelease@24,10
0x004443DA,FUN_004443da,386
0x00444560,_GRAPHICAddSpecialDebris@16,571
0x004447A0,@GRAPHICAddDevice@12,441
0x00444960,FUN_00444960,11
0x00444970,FUN_00444970,9
0x00444980,FUN_00444980,11
0x00444990,FUN_00444990,9
0x004449A0,FUN_004449a0,5
0x004449B0,FUN_004449b0,24
0x004449D0,FUN_004449d0,3
0x004449E0,FUN_004449e0,1
0x004449F0,FUN_004449f0,202
0x00444AC0,FUN_00444ac0,14
0x00444AE0,FUN_00444ae0,99
0x00444B50,FUN_00444b50,116
0x00444BD0,FUN_00444bd0,166
0x00444CA0,FUN_00444ca0,395
0x00444EB0,FUN_00444eb0,180
0x00444F70,_SeqInit,230
0x00445060,_SeqStart,717
0x00445330,FUN_00445330,270
0x00445440,FUN_00445440,141
0x004454D0,?SeqSubstitute@@YAPADPAPADPAD0F@Z,127
0x00445550,FUN_00445550,343
0x004456B0,FUN_004456b0,71
0x00445700,_SeqContinue,1075
0x00445B40,FUN_00445b40,377
0x00445CC0,FUN_00445cc0,99
0x00445D30,_SeqStop,252
0x00445E30,_SeqEnd,56
0x00445ED0,FUN_00445ed0,446
0x00446090,FUN_00446090,107
0x00446100,FUN_00446100,111
0x00446170,FUN_00446170,45
0x004461A0,FUN_004461a0,385
0x00446330,FUN_00446330,40
0x00446360,FUN_00446360,405
0x00446500,FUN_00446500,257
0x00446710,FUN_00446710,147
0x004467B0,?SEQblock@@YAPAUSEQGR@@JJJJJJ@Z,150
0x00446890,_SEQfadein,118
0x00446910,_SEQfadeout,124
0x00446990,?SeqFadeOut@@YADGG@Z,89
0x004469F0,?SeqFadeIn@@YADGG@Z,96
0x00446B70,_SEQmusic,112
0x00446D90,_FormatText@24,376
0x004471E0,FUN_004471e0,219
0x004472C0,FUN_004472c0,195
0x00447410,FUN_00447410,371
0x00447600,FUN_00447600,323
0x00447750,FUN_00447750,325
0x004478A0,FUN_004478a0,151
0x00447970,?IntersectT@@YAJPAUF24_POINT@@JJ@Z,99
0x004479D8,?IntersectB@@YAJPAUF24_POINT@@JJ@Z,99
0x00447A40,_G_TileInit,51
0x00447A73,_G_TileShutDown,50
0x00447AA5,@G_Tile@32,9712
0x0044A0A0,_MultDiv32@12,36
0x0044A110,_InstallErrorExit@0,1
0x0044A120,_ErrorExit,583
0x0044A370,_GameCleanup@0,167
0x0044A420,_ErrorExitNoMem@0,14
0x0044A4A0,FUN_0044a4a0,306
0x0044A5E0,FUN_0044a5e0,158
0x0044A910,FUN_0044a910,271
0x0044AA20,FUN_0044aa20,496
0x0044AC10,FUN_0044ac10,17
0x0044AC21,FUN_0044ac21,355
0x0044B140,FUN_0044b140,141
0x0044B1D0,FUN_0044b1d0,1089
0x0044B620,FUN_0044b620,357
0x0044B790,FUN_0044b790,51
0x0044B7D0,FUN_0044b7d0,38
0x0044B800,FUN_0044b800,398
0x0044B9B0,_ROInit@0,112
0x0044BA20,_ROGet@8,121
0x0044BAA0,_RORemoveCurObj@0,65
0x0044BAF0,?SER_EnterCriticalCodeForeground@@YAXXZ,93
0x0044BB50,?SER_LeaveCriticalCodeForeground@@YAXXZ,30
0x0044BB70,?SER_ForegroundCheckConnection@@YADKJ@Z,139
0x0044BC00,?SER_ForegroundGetPacket@@YADAAUSERIAL_PACKET_WRAPPER@@@Z,161
0x0044BCB0,?SER_ForegroundPutPacket@@YADAAUSERIAL_PACKET_WRAPPER@@@Z,132
0x0044BD40,?SER_Flush@@YADJD@Z,110
0x0044BDB0,?SER_Write@@YAJJPAEJ@Z,136
0x0044BE40,?SER_WriteAvail@@YAJJ@Z,113
0x0044BF00,?_SER_Read@@YAJJPAEJ@Z,188
0x0044BFC0,?SER_Read@@YAJJPAEJ@Z,104
0x0044C030,?SER_ReadAvail@@YAJJJ@Z,76
0x0044C0FC,FUN_0044c0fc,170
0x0044C220,?SER_ExNamesTimeout@@YAXXZ,51
0x0044C260,?SER_ExchangeNames@@YADPAE@Z,782
0x0044C570,?SER_Initialize1@@YAJPAUCN_INFO@@J@Z,92
0x0044C5D0,?SER_Initialize2@@YAJPAUCN_INFO@@J@Z,272
0x0044C6E0,?SER_Initialize2_5@@YAJPAUCN_INFO@@J@Z,670
0x0044C980,?SER_Initialize3@@YAJPAUCN_INFO@@J@Z,11
0x0044C990,?SER_Initialize4@@YAJPAUCN_INFO@@J@Z,195
0x0044CA70,?SER_Initialize5@@YAJPAUCN_INFO@@J@Z,171
0x0044CB20,?SER_Initialize@@YAJPAUCN_INFO@@J@Z,170
0x0044CBD0,?SER_Shutdown1@@YAXXZ,43
0x0044CC00,?SER_Shutdown2@@YAXXZ,11
0x0044CC0B,FUN_0044cc0b,99
0x0044CC70,?SER_Shutdown3@@YAXXZ,43
0x0044CCA0,?SER_Shutdown@@YAXXZ,25
0x0044CCC0,?serIO@@YAXJ@Z,462
0x0044CF00,@FortMultiButton2@8,15
0x0044CF10,@FortMultiButtonText2@8,136
0x0044CFA0,FUN_0044cfa0,96
0x0044D070,_FortMission2@4,2266
0x0044D950,FUN_0044d950,394
0x0044DAE0,FUN_0044dae0,128
0x0044DB60,FUN_0044db60,129
0x0044DBF0,FUN_0044dbf0,1295
0x0044E1A0,FUN_0044e1a0,753
0x0044E4A0,FUN_0044e4a0,120
0x0044E520,FUN_0044e520,81
0x0044E580,FUN_0044e580,1912
0x0044EE00,FUN_0044ee00,694
0x0044F0C0,FUN_0044f0c0,48
0x0044F0F0,FUN_0044f0f0,132
0x0044F180,FUN_0044f180,3050
0x0044FE10,FUN_0044fe10,4008
0x00450E10,FUN_00450e10,73
0x00450E70,FUN_00450e70,205
0x00450F40,FUN_00450f40,46
0x00450F70,FUN_00450f70,770
0x00451280,FUN_00451280,207
0x00451350,FUN_00451350,26
0x00451370,FUN_00451370,116
0x004513F0,FUN_004513f0,26
0x00451410,FUN_00451410,25
0x00451430,FUN_00451430,33
0x00451460,FUN_00451460,95
0x004514C0,_FMUpdateGearPitch@0,182
0x00451580,_FMUpdateGear@0,81
0x004515E0,_FMUpdateWingSweep@0,148
0x00451680,_FMUpdateThrustVector@0,33
0x004516B0,_FMGetWeight@0,357
0x00451820,@FMCopyAngles@4,113
0x004518A0,_FMInitPlane@8,444
0x00451A60,_LimitThrottle@0,153
0x00451B00,@SetThrottle@4,88
0x00451B60,@FMFlaps@8,200
0x00451C30,@FMHook@4,91
0x00451C90,@FMGear@4,219
0x00451D70,@FMBrakes@8,137
0x00451E00,@FMVector@8,76
0x00451E50,@FMFuelConsumption@4,38
0x00451E80,_BurnFuel@0,11
0x00451E8B,FUN_00451e8b,444
0x00452050,@FMBurnNPCFuel@4,238
0x00452140,_FMUpdatePlaneFields@0,1256
0x00452630,@FMBay@4,210
0x00452710,_FMUpdateBay@0,66
0x00452760,@FMBayIsOpen@0,12
0x00452770,_HARDPtrs@12,113
0x004527F0,@HARDUnload@8,118
0x00452940,@HARDStoreWeight@4,45
0x00452980,_HARDCanLoad@8,648
0x00452C20,_HARDLoad@12,233
0x00452D10,_HARDLoadAll@0,65
0x00452D90,@HARDBestSeekers@12,201
0x00452E60,@HARDBestSeeker@8,55
0x00452EA0,@HARDFindJammer@4,98
0x00452F10,@HARDFindECMForObj@8,100
0x00452F80,_HARDFindStore@12,109
0x00452FF0,_HARDFindProj@16,11
0x00452FFB,FUN_00452ffb,155
0x004530A0,_HARDSetFlags@0,381
0x00453220,_HARDUnrotatedHardPos@12,120
0x004532A0,_HARDPos@16,294
0x004533D0,_HARDGunsOnly@0,106
0x00453440,_HARDGunsOnlyAll@0,73
0x00453490,@HARDGunLoadPercent@4,123
0x00453640,_HARDUnlimited@0,196
0x00453710,@HARDPodHack@4,230
0x00453800,_HARDClearUnloadedHarpoints@0,111
0x00453870,@HARDResourceName@4,31
0x00453890,FUN_00453890,34
0x004538C0,_HARDSaveHumanLoads@0,11
0x004538CB,FUN_004538cb,237
0x004539C0,_HARDRestoreHumanLoad@0,166
0x00453A70,_HARDTotalFuel@0,65
0x00453AF0,_HARDHasInternalBay@4,159
0x00453B90,_HARDRearmTest@0,178
0x00453C50,_HARDRearmHumanLoad@0,189
0x00453D10,_HARDUsedWeapons@12,50
0x00453D50,_HARDSaveFortLoads@0,11
0x00453D5B,FUN_00453d5b,353
0x00453EC0,_HARDRestoreFortLoad@0,197
0x00453F90,_HARDRearmFortTest@0,198
0x00454060,_HARDRearmFortLoad@0,214
0x00454140,_ChangePlaneType@12,599
0x004543A0,?RepairTime@@YIJJ@Z,29
0x004543C0,_SelectRepairPlane@16,5353
0x004558F0,FUN_004558f0,384
0x00455A70,FUN_00455a70,69
0x00455AC0,FUN_00455ac0,298
0x00455BF0,FUN_00455bf0,742
0x00455EE0,FUN_00455ee0,240
0x00455FD0,FUN_00455fd0,127
0x004561A0,@Percent@4,24
0x004561C0,@InitRand@4,16
0x004561D0,@Rand32@4,254
0x004562D0,_Rand16@0,10
0x004562E0,_Rand8@0,10
0x004562F0,@Rand@4,11
0x00456300,_DecodeDSVGA8Frame,1991
0x00456AD0,?EDB@@YAXPAE0PAUFrameHeader@@PAUGlobalData@@@Z,1003
0x00456EC0,_DecodeSVGA8Frame,869
0x00457230,?DecodeDBook@@YAXPAEPAGGPAUGlobalData@@@Z,931
0x004575E0,FUN_004575e0,28
0x00457600,?DoubleDecodeDBook@@YAXPAEPAGGGPAUGlobalData@@@Z,1102
0x00457A50,_DecodeSVGA15Frame,944
0x00457E00,_DecodeDSVGA15Frame,950
0x004581C0,?Decode24Book@@YAXPAEPAKPAUGlobalData@@@Z,691
0x00458480,?DoubleDecode24Book@@YAXPAEPAKGPAUGlobalData@@@Z,802
0x004587B0,_DecodeSVGA24Frame,1371
0x00458D10,_DecodeDSVGA24Frame,1661
0x00459390,_DecodeInterSVGA15Frame,1930
0x00459B20,_DecodeInterDSVGA15Frame,1995
0x0045A2F0,?DitherCodeSingle@@YAXPAEPAG0@Z,559
0x0045A520,?DitherCode@@YAXPAEPAK0@Z,730
0x0045A800,?DitherCodeDouble@@YAXPAEPAK0@Z,904
0x0045AB90,_DecodeDSVGA15NONFrame,1497
0x0045B170,_DecodeDSVGA15NONSkipFrame,1171
0x0045B610,_DecodeSVGA15NONFrame,940
0x0045B9C0,_DecodeInterSVGA15NONFrame,1179
0x0045BE60,_DecodeInterDSVGA15NONFrame,1685
0x0045C500,_DecodeInterDSVGA15NONSkipFrame,1381
0x0045CA70,?DrawAcrossBankInter@@YAGFFFFKPAUGlobalData@@GPAE@Z,805
0x0045CDA0,?DrawAcrossBank@@YAGFFFFKPAUGlobalData@@G@Z,739
0x0045D090,?pkt_send_can_i_play@@YADHPADPAUNET_ADDRESS@@@Z,130
0x0045D120,?pkt_send_can_i_play_player@@YADHHPADPAUNET_ADDRESS@@@Z,141
0x0045D1B0,?pkt_send_sync@@YADH@Z,16
0x0045D1C0,?pkt_send_type@@YADHH@Z,55
0x0045D200,?pkt_sock_send_type@@YADIH@Z,51
0x0045D240,?pkt_sock_send_message@@YADIGPAD@Z,54
0x0045D280,?pkt_build_message@@YAXPAUNET_PKT@@GPAD@Z,74
0x0045D2D0,?pkt_send_you_can_play@@YADHPAD@Z,75
0x0045D320,?pkt_send_ready@@YADHH@Z,52
0x0045D360,?pkt_send_error@@YADHJ@Z,59
0x0045D3A0,?pkt_send_new_player@@YADHHPADPAUNET_ADDRESS@@@Z,146
0x0045D440,?pkt_sock_send_new_player@@YADIHPADPAUNET_ADDRESS@@@Z,147
0x0045D580,?pkt_sock_send_lost_player@@YADIHPADPAUNET_ADDRESS@@@Z,147
0x0045D700,?pkt_sock_send_error@@YADJI@Z,59
0x0045D760,?pkt_build_sync_reply@@YAXPAUNET_PKT@@@Z,18
0x0045D780,?pkt_build_play_game@@YAXPAUNET_PKT@@@Z,18
0x0045D810,?pkt_send_player_info@@YADHGPAUNET_PLAYER_LIST@@@Z,54
0x0045D890,?pkt_build_player_info@@YAXPAUNET_PKT@@GPAUNET_PLAYER_LIST@@@Z,174
0x0045D940,?pkt_sock_send@@YADPAUNET_PKT@@I@Z,41
0x0045D970,?pkt_send@@YADPAUNET_PKT@@H@Z,156
0x0045DA10,?pkt_set_header@@YAXHPAUNET_PKT@@H@Z,27
0x0045DA30,FUN_0045da30,195
0x0045DB00,?pkt_sock_read@@YADPAUNET_PKT@@I@Z,198
0x0045DBD0,@GG_InitMode@0,215
0x0045DCB0,@GG_ShutdownMode@0,39
0x0045DCE0,@GG_GetMode@0,355
0x0045DE70,_GG_SetPalette@16,66
0x0045DEC0,@GG_Shake@0,31
0x0045DEDF,GG_FlushShaken,518
0x0045E0EF,FUN_0045e0ef,8
0x0045E120,@GG_Flush@4,31
0x0045E13F,GG_FlushDirtyLines,535
0x0045E360,FUN_0045e360,8
0x0045E370,@flushLineStats@0,36
0x0045E3A0,@GG_RestoreSurfaces@0,106
0x0045E410,@GG_WaitRetrace@0,18
0x0045E440,_GG_VideoModesAvailable@0,18
0x0045E460,_WNGInit@0,36
0x0045E490,_WNGAdd@8,133
0x0045E520,FUN_0045e520,260
0x0045E630,FUN_0045e630,85
0x0045E6E0,_WNGWingmen@8,42
0x0045E710,_WNGPart@12,119
0x0045E790,FUN_0045e790,186
0x0045E8A0,FUN_0045e8a0,65
0x0045E8F0,_WNGLeaderLanding@0,121
0x0045E970,_WNGFormationMove@12,322
0x0045EAC0,FUN_0045eac0,111
0x0045EB30,FUN_0045eb30,62
0x0045EB70,FUN_0045eb70,63
0x0045EBB0,FUN_0045ebb0,63
0x0045EBF0,FUN_0045ebf0,404
0x0045ED90,_WNGSendWM@8,10
0x0045ED9A,FUN_0045ed9a,332
0x0045EEF0,FUN_0045eef0,45
0x0045EF20,FUN_0045ef20,141
0x0045EFB0,FUN_0045efb0,128
0x0045F030,FUN_0045f030,83
0x0045F090,_WNGPlayerWM@0,104
0x0045F100,FUN_0045f100,137
0x0045F190,_GRPInit@0,36
0x0045F1C0,_GRPAdd@8,133
0x0045F250,@GRPRemove@0,260
0x0045F360,@GRPLeader@4,85
0x0045F410,_GRPWingmen@8,42
0x0045F440,_GRPPart@12,119
0x0045F5D0,@GRPControl@4,65
0x0045F6A0,_GRPFormationMove@12,322
0x0045F7F0,@GRPSetControl@8,111
0x0045F860,@GRPSetType@4,62
0x0045F8A0,@GRPSetSpacingH@4,63
0x0045F8E0,@GRPSetSpacingV@4,63
0x0045FACA,FUN_0045faca,332
0x0045FC20,@GRPResponseSize@0,45
0x0045FC50,@GRPAttackingObj@4,141
0x0045FCE0,@GRPHumansFirst@4,128
0x0045FEC0,?INFO2Draw@@YIXXZ,3567
0x00460CB0,FUN_00460cb0,584
0x00460F20,FUN_00460f20,56
0x00460F60,FUN_00460f60,66
0x00460FB0,?INFO2SetType@@YIXJ@Z,11
0x00460FBB,FUN_00460fbb,1002
0x004613B0,FUN_004613b0,848
0x00461710,_INFO2Screen,3678
0x004625B0,FUN_004625b0,54
0x004625F0,FUN_004625f0,15
0x00462600,_InitChain@0,25
0x00462620,_RemoveFromChains@0,30
0x00462640,ChainRemoveCurObj,110
0x004626B0,_ImmediateService@0,24
0x004626D0,ChainInsertCurObj,214
0x004627B0,_RemoveCurObj@0,250
0x004628B0,@GetCurObj@4,175
0x00462980,@PutCurObj@0,58
0x004629E0,_PushCurObj@4,55
0x00462A20,_PopCurObj@0,44
0x00462A50,_ServiceObjects,276
0x00462B70,ChainMergeSorted,289
0x00462C91,ProcessHitMsgs,168
0x00462D40,ProcessEffectMsgs,226
0x00462E70,?Service@@YGXXZ,825
0x004631B0,?CheckForEvents1@@YGXXZ,53
0x004631F0,?CheckForEvents2@@YGXD@Z,1329
0x00463730,PadlockTarget,449
0x00463900,NearbyGroupLeader,124
0x00463980,_MaybeCallEventProc@8,51
0x004639C0,_CallEventProc@8,82
0x00463A20,_CreateMove@52,198
0x00463AF0,_CreateMoveGoal@20,132
0x00463B90,TimeAddSat,44
0x00463BC0,@ObjPlusAngleParm@8,21
0x00463BE0,@ObjPlusDeltaParm@12,108
0x00463C50,@WriteCmdBuf@12,69
0x00463CA0,@WriteCmdBufProcptr@4,27
0x00463CC0,@WriteCmdBufMove@4,12
0x00463CD0,_WriteCmdBufEnd@0,15
0x00463CE0,@FinishCmdBuf@4,23
0x00463D00,_AllocCmdBuf@0,58
0x00463D40,_ReadCmdBuf,266
0x00463E50,_CancelCmdBuf@0,69
0x00463EA0,@MaskEvents@4,19
0x00463EC0,@CallDamageProc@4,100
0x00463F30,GetObjProc,44
0x00463F60,_CallUtilProc,52
0x00463FA0,@Ignore@4,158
0x00464040,@Reaction@12,695
0x00464300,@EnterState@4,284
0x00464420,@InSearchArea@4,11
0x0046442B,InSearchAreaBody,191
0x004644F0,_PreferredTargetId@0,35
0x00464520,_PreferredProtectId@0,42
0x00464550,@CloseToAnything@4,231
0x00464640,@SetScenarioEndTime@4,25
0x00464660,?dlg_list_init@@YAPAXG@Z,70
0x004646B0,?dlg_list_shutdown@@YAXPAX@Z,86
0x00464710,?dlg_list_often@@YAXPAX@Z,189
0x004647D0,?dlg_list_clear@@YAXPAX@Z,48
0x00464800,?dlg_list_get_selection@@YA?AW4DLG_SELECTION@@PAXPAUNET_ADDRESS@@PAD@Z,121
0x004648B0,?dlg_list_add@@YAXPAXW4PLAYER_ACTION@@PADPAUNET_ADDRESS@@J@Z,307
0x004649F0,?dlg_list_update@@YAXPAX@Z,463
0x00464BC0,FUN_00464bc0,149
0x00464C60,_CTInit@0,24
0x00464C80,_CTShutdown@0,1
0x00464C90,_CTRespondToCancelCmdBuf@0,52
0x00464CD0,FUN_00464cd0,214
0x00464DB0,FUN_00464db0,37
0x00464DE0,_CTVarDiff,63
0x004650A0,_CTEval_radar,11
0x004650E0,_CTEval_ir,11
0x00465A30,_CTDo_exit,31
0x00465A70,_CTDo_maneuver,95
0x00465AD0,FUN_00465ad0,42
0x00465C90,FUN_00465c90,44
0x00465CC0,_CTDo_move,123
0x00465D40,FUN_00465d40,84
0x00465DA0,FUN_00465da0,55
0x00465DE0,FUN_00465de0,29
0x00465E00,FUN_00465e00,30
0x00465E20,_CTDo_movetoalt,125
0x00465EA0,_CTDo_turn,434
0x00466290,FUN_00466290,46
0x004663F0,_CTDo_jink,199
0x00466820,FUN_00466820,138
0x004668F0,FUN_004668f0,46
0x00466920,FUN_00466920,66
0x00466970,_CTExecProgram@4,263
0x00466A80,FUN_00466a80,1465
0x004670E0,FUN_004670e0,38
0x00467180,?PilotSave@@YIFPAUPILOT@@F@Z,180
0x00467240,FUN_00467240,122
0x004672C0,?PilotPhoto@@YIXPAUPILOT@@@Z,67
0x00467310,?CallsignChoose@@YGXPAUPILOT@@J@Z,473
0x004674F0,FUN_004674f0,859
0x00467860,FUN_00467860,30
0x00467880,FUN_00467880,47
0x004678B0,?EditPilot@@YGDPADPAUPILOT@@0J@Z,220
0x00467990,?RemapInsignia@@YIXPAUT_BITMAP@@@Z,43
0x004679C0,_MakePicList@16,611
0x00467C30,?FindPic@@YGXPAD0JJ@Z,511
0x00467E30,FUN_00467e30,251
0x00467F30,?PilotFindFile@@YIDF@Z,236
0x00468020,@PilotScreen@4,3072
0x00468C40,FUN_00468c40,82
0x00468CA0,FUN_00468ca0,330
0x00468DF0,FUN_00468df0,67
0x00468E40,FUN_00468e40,177
0x00468F00,FUN_00468f00,62
0x00468F40,FUN_00468f40,53
0x00468F80,FUN_00468f80,143
0x00469960,_EJECTRemove@0,1
0x00469970,@EJECTAdd@4,733
0x0046A370,_SMInit@0,329
0x0046A4C0,_SMShutdown@0,22
0x0046A4E0,_SMAddress@4,143
0x0046A570,_SMCallByName,11
0x0046A57B,FUN_0046a57b,191
0x0046A640,_G_InitCircles@0,67
0x0046A690,_G_ShutdownCircles@0,42
0x0046A6C0,_G_Circle@16,900
0x0046AAF0,FUN_0046aaf0,71
0x0046ABA0,FUN_0046aba0,85
0x0046AC00,?net_test_process_pkt@@YAXPAUNET_PKT@@H@Z,52
0x0046AC40,?net_test_process_pkt_ack@@YADPAUNET_PKT@@H@Z,167
0x0046AD40,FUN_0046ad40,119
0x0046ADC0,@WritePalette@8,25
0x0046ADF0,?SetVESABank@@YAGG@Z,4
0x0046AE00,?SetVESATop@@YAXGG@Z,1
0x0046AE10,?InitCobra@@YAGPAUGlobalData@@@Z,735
0x0046B0F0,?CleanCobra@@YAGPAUGlobalData@@@Z,37
0x0046B120,?InitVideo@@YAGPAUGlobalData@@@Z,903
0x0046B4B0,?CleanVideo@@YAGPAUGlobalData@@@Z,4
0x0046B4C0,?InitAudio@@YAGPAUGlobalData@@@Z,4
0x0046B4D0,?CleanAudio@@YAGPAUGlobalData@@@Z,4
0x0046B4E0,?SetupCobra@@YAGPAUGlobalData@@@Z,79
0x0046B530,?CleanupCobra@@YAGPAUGlobalData@@@Z,37
0x0046B560,?MainLoop@@YAGPAUGlobalData@@@Z,2081
0x0046BD90,FUN_0046bd90,80
0x0046BDE0,?MPFlushAll@@YIXD@Z,110
0x0046BE50,?MPCheckConnection@@YGXXZ,581
0x0046C0A0,FUN_0046c0a0,171
0x0046C150,?MPSetSlowComm@@YGXXZ,55
0x0046C190,?MPConnect@@YGXXZ,190
0x0046C250,?MPShutdown@@YGXXZ,1
0x0046C260,?MPTimeSync@@YGXXZ,17
0x0046C280,?MPMissionInit1@@YGXXZ,12
0x0046C28C,FUN_0046c28c,474
0x0046C470,?MPMissionInit2@@YGXXZ,130
0x0046C500,?MPMissionShutdown@@YGXXZ,20
0x0046C520,?MPService@@YGXXZ,347
0x0046C680,FUN_0046c680,245
0x0046C780,FUN_0046c780,219
0x0046C860,FUN_0046c860,175
0x0046C910,FUN_0046c910,103
0x0046C980,?MPReceive@@YGDXZ,15
0x0046C98F,FUN_0046c98f,8617
0x0046EC40,FUN_0046ec40,26
0x0046EC60,FUN_0046ec60,111
0x0046ECD0,FUN_0046ecd0,55
0x0046ED10,FUN_0046ed10,148
0x0046EDB0,FUN_0046edb0,71
0x0046EE00,FUN_0046ee00,53
0x0046EE40,FUN_0046ee40,71
0x0046EE90,FUN_0046ee90,57
0x0046EED0,?MPSend@@YGXXZ,15
0x0046EEDF,FUN_0046eedf,2909
0x0046FA40,FUN_0046fa40,27
0x0046FA60,FUN_0046fa60,394
0x0046FBF0,FUN_0046fbf0,346
0x0046FD50,FUN_0046fd50,71
0x0046FDB0,?MPRemoveCurObj@@YGXXZ,67
0x0046FE00,?MPEndMission@@YGXXZ,43
0x0046FE30,?MPSendGameMode@@YGXXZ,56
0x0046FE70,?MPAddScore@@YGXJG@Z,121
0x0046FEF0,?MPSendMissionSucceeded@@YGXXZ,47
0x0046FF20,FUN_0046ff20,68
0x0046FF70,?MPPaused@@YGDXZ,76
0x0046FFC0,?MPSetPaused@@YIXD@Z,68
0x00470010,?MPProjAdd@@YGXXZ,12
0x0047001C,FUN_0047001c,300
0x00470150,?MPEjectAdd@@YIXGG@Z,75
0x004701A0,?MPManAdd@@YGXGPADEPAUF24_POINT3@@1J@Z,12
0x004701AC,FUN_004701ac,161
0x00470250,?MPPrepareForInterp@@YGXPAUANGLE@@J@Z,12
0x0047025C,FUN_0047025c,769
0x00470560,FUN_00470560,222
0x00470640,?MPMsgSend@@YIXPAUT_MSG@@@Z,313
0x00470780,FUN_00470780,209
0x004708B0,?MPGraphicAddCrater@@YIXPAUF24_POINT3@@J@Z,67
0x00470900,?MPGraphicAddExp@@YGXJPAUF24_POINT3@@GDDD@Z,133
0x00470990,?MPGraphicAddSmoke@@YGXJPAUF24_POINT3@@JJJG@Z,133
0x00470A20,?MPGraphicAddDebris@@YGXJPAUF24_POINT3@@PAUWORD_POINT3@@JD@Z,111
0x00470A90,?MPGraphicAddClusterRelease@@YGXJPAUF24_POINT3@@PAUWORD_POINT3@@JD@Z,111
0x00470B00,?MPGraphicAddSpecialDebris@@YGXPAUF24_POINT3@@GD@Z,109
0x00470B70,?MPGraphicAddHulk@@YIXPAUF24_POINT3@@J@Z,67
0x00470BC0,?MPLaunchDevice@@YGXGEJEPAUWORD_POINT3@@@Z,103
0x00470C30,?MPGraphicAddFire@@YGXEPAUF24_POINT3@@GPAUWORD_POINT3@@JJJ@Z,180
0x00470CF0,?MPGraphicAddSmokeAdder@@YGXPAUF24_POINT3@@GPAUWORD_POINT3@@JJJJJJ@Z,196
0x00470DC0,?MPGraphicRemove@@YGXXZ,60
0x00470E00,?MPShellSendScreen@@YIXJ@Z,61
0x00470E40,?MPPlayerChoseSide@@YIXE@Z,52
0x00470EB0,?MPQuickButtonText@@YIXJPAD@Z,55
0x00470F60,?MPFortButtonText@@YIXJPAD@Z,55
0x00470FD0,?MPFortButtonText2@@YIXJPAD@Z,55
0x00471010,?MPSendAntiCheat@@YIXPADJ@Z,92
0x00471070,?MPSendCheatsOn@@YIXD@Z,52
0x004710B0,?MPSendFrameRate@@YIXJ@Z,52
0x004710F0,?MPShowFrameRate@@YIXD@Z,52
0x00471130,?MPSingleFilename@@YIXPAD@Z,88
0x00471190,?MPSendPrefs@@YGXXZ,85
0x004711F0,?MPMaybePausedMsg@@YGXXZ,367
0x00471360,?MPWpnStats@@YGXJPADGGJ@Z,151
0x00471400,?MPKillStats@@YIXGG@Z,75
0x00471450,?MPLandingStats@@YIXGJ@Z,62
0x00471490,?MPHUDMessage@@YIXPAD@Z,58
0x004714D0,?MPStatusInit@@YIXXZ,61
0x00471510,?MPStatusSet@@YIXJ@Z,65
0x00471560,?MPStatusToDrawSet@@YIXJ@Z,65
0x004715B0,?MPStatusDraw@@YIXD@Z,12
0x004715BC,FUN_004715bc,702
0x00471880,FUN_00471880,104
0x004718F0,FUN_004718f0,225
0x004719E0,?MPEveryoneStatus@@YIDJ@Z,68
0x00471A30,?MPWaitEveryoneStatus@@YGDJDDD@Z,93
0x00471A90,FUN_00471a90,235
0x00471B80,FUN_00471b80,71
0x00471BD0,?MPAssignPlayers@@YGXXZ,15
0x00471BDF,FUN_00471bdf,946
0x00471FA0,FUN_00471fa0,351
0x00472130,FUN_00472130,303
0x00472260,?MPSetControl@@YGXJGD@Z,97
0x004722D0,?MPRequestControl@@YIXG@Z,96
0x00472330,?MPChangePlaneType@@YGXGPAD@Z,108
0x004723A0,?MPSetFuel@@YIXG@Z,87
0x00472400,?MPSetHardpoints@@YIXG@Z,279
0x00472520,?MPSetWaypoints@@YIXGPAUWAYPOINT@@@Z,135
0x004725B0,?MPLifeNotify@@YGXPAD0D@Z,189
0x00472670,FUN_00472670,12
0x0047267C,FUN_0047267c,1043
0x00472A90,?MPKey@@YIGG@Z,2383
0x004733E0,?MPCheckDisconnect@@YGDXZ,467
0x004735C0,?MPShellInitMessages@@YGXXZ,11
0x004735D0,FUN_004735d0,167
0x00473680,_FlightControlOverMe@0,48
0x004736B0,@NPCSetStateTarget@8,55
0x00473A40,_OBJEventProc,247
0x00473B40,?OBJDamageProc@@YAXPAUHIT_OBJ_DATA@@@Z,157
0x00473BE0,_OBJProc,42
0x00473C10,_Kill@0,394
0x00473DB0,_GVProc,40
0x00473DE0,?GVDoCurrentWaypoint@@YADXZ,365
0x00473F50,_GVEventProc,1554
0x00474570,FUN_00474570,115
0x00474620,FUN_00474620,35
0x00474650,@NPCSetReact@12,240
0x00474740,@AmmoForClass@4,128
0x004747C0,@Alive@4,54
0x00474800,_FlightMenu,5820
0x00476060,?jdiv_round_up@@YAJJJ@Z,16
0x00476070,?jround_up@@YAJJJ@Z,24
0x00476090,?jcopy_sample_rows@@YAXPAPAEH0HHI@Z,71
0x004760E0,?jcopy_block_row@@YAXPAY0EA@F0I@Z,25
0x00476100,?jzero_far@@YAXPAXI@Z,27
0x00476120,_WinMain@16,87
0x004763EB,FUN_004763eb,8
0x004764B0,?InitApplication@@YAHPAX@Z,428
0x00476660,?CreateGameThread@@YAHXZ,156
0x00476700,?EndGame@@YAXXZ,124
0x00476780,FUN_00476780,80
0x004767D0,FUN_004767d0,24
0x004767F0,?DisplayCopyright@@YAXPAX@Z,137
0x00476880,_LimitFromLowSpeed@12,103
0x004768F0,@WrapHB@4,44
0x00476920,@WrapP@4,44
0x00476950,_StickInput@28,322
0x00476AA0,@GToTurn@8,63
0x00476AE0,_MovePlane@0,1220
0x00476FB0,FUN_00476fb0,90
0x00477010,FUN_00477010,297
0x00477140,_CheckLandingParms@0,251
0x00477240,_CheckLanding@0,676
0x004774F0,FUN_004774f0,145
0x00477590,_FMTurbulence@0,11
0x0047759B,FUN_0047759b,1900
0x00477D10,_COMinSpeed@0,25
0x00477D30,_COCornerSpeed@0,25
0x00477D50,_MaxSpeed@8,76
0x00477DA0,FUN_00477da0,165
0x00477E50,_COMaxSpeed@0,16
0x00477E60,_COAcc@0,21
0x00477E80,_CODacc@0,21
0x00477EA0,_COBv@0,39
0x00477ED0,_COBrv@0,441
0x00478090,_COBankRate@0,60
0x004780D0,_COTurnRate@0,115
0x00478150,_COTurnRadius@0,59
0x00478190,@COThrust@4,54
0x00478200,@COSig@20,657
0x004784A0,_COGPullDrag@0,74
0x004784F0,FUN_004784f0,44
0x00478520,?Create@CDirDrawSurface@@QAEHPAUIDirectDraw@@PAU_DDSURFACEDESC@@@Z,515
0x0047872D,FUN_0047872d,8
0x00478740,?SetEntries@CDirDrawSurface@@QAEHPAUT_RGB@@JJD@Z,210
0x004787FD,FUN_004787fd,8
0x00478830,?Restore@CDirDrawSurface@@QAEHXZ,112
0x004788A0,?Lock@CDirDrawSurface@@QAEPAU_DDSURFACEDESC@@PAUtagRECT@@H@Z,96
0x00478900,?Unlock@CDirDrawSurface@@QAEHXZ,59
0x00478940,?Blit@CDirDrawSurface@@QAEJPAUtagRECT@@PAUIDirectDrawSurface@@0K@Z,157
0x004789E0,?InitSurfaceDesc@CDirDrawSurface@@SAXPAU_DDSURFACEDESC@@@Z,28
0x00478A00,?Destroy@CDirDrawSurface@@QAEXXZ,207
0x00478AD0,?Destroy@CDirDrawSurface@@QAEXXZ,5
0x00478AE0,?Clear@CDirDrawSurface@@QAEJXZ,174
0x00478BC0,_LibStartUp,1800
0x004792D0,_LibShutDown,120
0x00479350,_LibUpdate,14
0x0047935E,FUN_0047935e,709
0x00479630,_DoLoadLibFile,12
0x0047963C,FUN_0047963c,417
0x004798B0,_SearchLib,162
0x00479960,__FindNext@8,242
0x00479A60,__FindFirst@8,179
0x00479B20,__FindClose@4,33
0x00479B50,?MatchPattern@@YADPAD0@Z,115
0x00479BD0,@LibOpen@8,169
0x00479C80,_LibRead,158
0x00479D20,_LibClose,27
0x00479D40,_LibFileSize,86
0x00479DA0,_GetDiskFree,109
0x00479E10,_G_FindFirstFile@8,143
0x00479EA0,_G_FindNextFile@8,123
0x00479F20,_G_FindClose@4,46
0x00479F50,@GetDosFileTime@12,136
0x00479FE0,FUN_00479fe0,45
0x0047A090,_LibSeek@8,154
0x0047A130,@LibFileExists@4,990
0x0047A510,FUN_0047a510,143
0x0047A5A0,_InitGraphicsMode,112
0x0047A610,_InitGraphicsSystem,83
0x0047A690,_FMAircraftSetup@0,216
0x0047A770,_FMGetAcc@12,239
0x0047A860,FUN_0047a860,91
0x0047A8C0,FUN_0047a8c0,161
0x0047A970,FUN_0047a970,484
0x0047AB60,FUN_0047ab60,187
0x0047AC20,FUN_0047ac20,54
0x0047AC60,_FMGetNPCAcc@0,366
0x0047ADD0,_ThrustSupport@0,224
0x0047AEB0,_FMVertMotion@0,103
0x0047AF20,_GetGround@0,80
0x0047AF70,_FMSetTV@8,141
0x0047B000,_FMResetTV@0,30
0x0047B020,_FMFlight@0,6202
0x0047C860,FUN_0047c860,283
0x0047C980,FUN_0047c980,225
0x0047CA70,FUN_0047ca70,260
0x0047CB80,FUN_0047cb80,91
0x0047CBE0,FUN_0047cbe0,135
0x0047CC70,FUN_0047cc70,52
0x0047CCB0,FUN_0047ccb0,180
0x0047CD70,FUN_0047cd70,61
0x0047CDB0,FUN_0047cdb0,177
0x0047CE70,FUN_0047ce70,53
0x0047CEB0,_MANAdd@24,565
0x0047D0F0,@MANRunAway@4,153
0x0047D190,?PageText@@YIPADJ@Z,57
0x0047D1D0,?FormatInit@@YAXXZ,40
0x0047D200,?FindSectionHeader@@YGPADPAD0J@Z,188
0x0047D2C0,@FindSection@8,224
0x0047D3A0,FUN_0047d3a0,29
0x0047D3C0,FUN_0047d3c0,86
0x0047D420,FUN_0047d420,23
0x0047D440,?PrepareText@@YGJPADJJJJJJJJD@Z,607
0x0047D6C0,FUN_0047d6c0,60
0x0047D700,FUN_0047d700,2707
0x0047E1B0,FUN_0047e1b0,3389
0x0047EEF0,FUN_0047eef0,59
0x0047EF30,?PrintText@@YIXJ@Z,180
0x0047EFF0,?FreeTextStuff@@YGXXZ,88
0x0047F050,?EndText@@YGXXZ,90
0x0047F0B0,?InTextButton@@YIDJJ@Z,76
0x0047F100,?CN_NewSetLines@@YAXFFF@Z,135
0x0047F190,?CN_NewPrint@@YAXPAD@Z,471
0x0047F370,?CN_ClearLines@@YAXXZ,19
0x0047F390,?CN_SetLines@@YAXJJ@Z,20
0x0047F3B0,?CN_Print@@YAXPAE@Z,335
0x0047F500,?_GetString@@YAJPAD00JJJ@Z,201
0x0047F5D0,?CN_GetString@@YAJPADPAE@Z,30
0x0047F610,?ClipString@@YAXJJJPAD@Z,11
0x0047F61B,FUN_0047f61b,170
0x0047F6D0,?CN_SetFactoryDefaults@@YAXPAUCN_INFO@@@Z,109
0x0047F740,?CfigChecksum@@YAJPAUCN_INFO@@@Z,87
0x0047F7A0,?CN_ReadConfig@@YAXPAUCN_INFO@@PAE@Z,393
0x0047F930,?CN_WriteConfig@@YAXPAUCN_INFO@@PAE@Z,96
0x0047F990,?RunSimpleConnect@@YGXJPAD@Z,158
0x0047FA30,?RunDisconnectScreen@@YGXXZ,23
0x0047FA50,__ArmPlane@4,71
0x0047FAA0,__SingleMission@0,14
0x0047FAAE,FUN_0047faae,1028
0x0047FEC0,__CreateQuickMission@4,110
0x0047FF30,__CreateFortMission@4,16
0x0047FF40,__CreateFortMission2@4,16
0x0047FF50,__CreateProMission@0,103
0x0047FFC0,__AircraftReference@0,9
0x0047FFD0,__ViewPilots@0,10
0x0047FFE0,__StartCampaign@0,29
0x00480000,__ContinueCampaign@0,18
0x00480020,__BriefPaper@12,234
0x00480110,__BriefMap@4,60
0x00480150,__SelectPlane@4,77
0x004801A0,__RepairPlane,29
0x004801C0,_InitAntiCheat,104
0x00480230,?ComputeCRC@@YGJPAUOBJ_TYPE@@@Z,564
0x004804C0,?GetAntiCheatIndex@@YGJPAD@Z,104
0x00480530,_FindAntiCheatIndex@4,104
0x004805A0,_UpdateAntiCheat@8,12
0x004805AC,FUN_004805ac,215
0x00480690,_PostAntiCheat@0,105
0x00480700,?PostCheatsOn@@YGJXZ,73
0x00480750,?_MISSIONInit1@@YGXXZ,625
0x004809D0,FUN_004809d0,85
0x00480A30,?_MISSIONInit2@@YGXXZ,270
0x00480B40,_MISSIONInit1@0,5
0x00480B50,_MISSIONInit2@0,5
0x00480B60,_MISSIONInit3@0,5
0x00480B80,_MISSIONInitMedalInfo@0,94
0x00480BE0,_MISSIONSetCheating@0,56
0x00480C20,_LoadCampaignProc,18
0x00480E10,_AddCampaignStore,143
0x00480EA0,@LoadCampaignStores@4,240
0x00481150,?AtFriendlyAP@@YGDXZ,59
0x004812B0,?CampaignDiskError@@YAXXZ,99
0x00481320,_CampaignSave,77
0x00481370,_CampaignOff,79
0x004813C0,?AbortCampaign@@YIDXZ,48
0x004813F0,@CampaignMenu@4,71
0x00481440,_CallCampaignProc@4,1198
0x00481920,FUN_00481920,32
0x00481940,_CallMissionProc@8,166
0x004819F0,_MISSIONShutdown@0,120
0x00481A70,_MISSIONSuccess@0,11
0x00481A7B,FUN_00481a7b,250
0x00481B80,_AlmostHome@0,71
0x00481BD0,?ConvertOldPreferredTargetId@@YIJG@Z,54
0x00481C10,_MISSIONTextProc@16,8291
0x00483C90,FUN_00483c90,116
0x00483D10,FUN_00483d10,26
0x00483D30,FUN_00483d30,25
0x00483D50,FUN_00483d50,133
0x00484D90,_EndOfMissionStats@0,673
0x00485040,_EndOfFortMissionStats@0,379
0x004851C0,_MISSIONFortDestroyed@4,146
0x00485260,_MISSIONFortDestroyedByFort@4,132
0x004852F0,_MISSIONFortStatus@4,132
0x00485380,FUN_00485380,283
0x004854A0,FUN_004854a0,57
0x004854E0,_WpnStats@28,507
0x004856F0,FUN_004856f0,303
0x00485820,_KillStats@12,537
0x00485A40,_LandingStats@12,145
0x00485AE0,_ConvertPilotFiles@0,1037
0x00485EF0,_CheckCD,284
0x00486010,_MISSIONLoadCommonResources@0,72
0x00486060,_CanBackUp@0,143
0x004860F0,?MISSIONFortWin@@YGDJ@Z,97
0x00486160,_MISSIONEndScenario@0,719
0x00486440,_MISSIONScoreSides@0,141
0x004864D0,@MISSIONScore@4,46
0x00486500,@MISSIONSortPlayers@4,47
0x00486580,_MISSIONAddScore@12,585
0x004867D0,FUN_004867d0,50
0x00486810,_MISSIONPrefsChanged@0,67
0x00486860,_MISSIONCheckSuccess@0,69
0x004868B0,_MISSIONSucceededForThisPlayer@0,83
0x00486910,@MISSIONEnsureLegalName@4,96
0x004869A0,_TIMESystemTime@0,106
0x00486A10,_TIMEInit@12,113
0x00486A90,_TIMERestart@0,11
0x00486AA0,_TIMEUpdate@0,330
0x00486BF0,FUN_00486bf0,99
0x00486C60,@TIMESetCompression@4,28
0x00486CF0,_FPSInit,32
0x00486D10,_FPSUpdate@0,131
0x00486DA0,@FPSPrint@4,32
0x00486DC0,FUN_00486dc0,46
0x00486DF0,?FPSPrint2@@YIXPADJ@Z,27
0x00486E10,?FPSReturn@@YAJXZ,6
0x00486E20,_InstallTimerInt,94
0x00486F00,FUN_00486f00,27
0x00486F20,FUN_00486f20,63
0x00486F60,FUN_00486f60,766
0x00487260,FUN_00487260,175
0x00487310,FUN_00487310,10
0x0048731A,FUN_0048731a,297
0x00487450,FUN_00487450,112
0x004874C0,?sapopensocket@@YAIPAUNET_PROTOCOL@@PAUCN_INFO@@JPAD@Z,422
0x00487A10,?WaitUntil@@YIXK@Z,42
0x00487A3A,@WaitTicks@4,41
0x00487A63,_DialogSetup@12,1016
0x00487E90,FUN_00487e90,572
0x004880D0,_DialogShow@0,159
0x00488170,FUN_00488170,10
0x00488180,FUN_00488180,10
0x00488190,_DialogShutDown@8,359
0x00488300,_DialogDone@0,360
0x00488470,?DialogDraw@@YGXPAX@Z,30
0x00488490,@DialogUpdate@4,2617
0x00488F00,FUN_00488f00,44
0x00488F30,FUN_00488f30,31
0x00488F50,FUN_00488f50,106
0x00488FC0,_DialogWhatItem@0,6
0x00488FD0,FUN_00488fd0,146
0x00489070,FUN_00489070,241
0x00489170,FUN_00489170,34
0x004891A0,FUN_004891a0,121
0x00489220,FUN_00489220,177
0x004892E0,@DialogGetPtr@4,28
0x00489300,@DialogGetValue@4,60
0x00489400,_DialogSetRocker@8,37
0x00489430,_DialogSetValue,152
0x004894F0,@DialogSelectItem@4,103
0x00489580,@DialogDeselectItem@4,75
0x004895D0,_DialogSetString@12,100
0x00489660,_DialogUpdateString,53
0x004896A0,@DialogGetString@4,108
0x00489710,_TopCenterDialog,66
0x0048A080,FUN_0048a080,20
0x0048A260,FUN_0048a260,80
0x0048A2B0,FUN_0048a2b0,62
0x0048A7D0,_PrintPageNums@16,262
0x0048A8E0,FUN_0048a8e0,36
0x0048B450,FUN_0048b450,132
0x0048B4E0,_DrawRocker,968
0x0048B8B0,FUN_0048b8b0,62
0x0048B8F0,FUN_0048b8f0,62
0x0048BBE0,FUN_0048bbe0,31
0x0048BC00,FUN_0048bc00,96
0x0048BC60,_DrawSliderVert,387
0x0048BDF0,FUN_0048bdf0,99
0x0048BE60,_CheckMousePtr@16,95
0x0048BEC0,FUN_0048bec0,140
0x0048BF50,FUN_0048bf50,66
0x0048BFA0,FUN_0048bfa0,150
0x0048C040,FUN_0048c040,1220
0x0048C510,FUN_0048c510,94
0x0048C570,FUN_0048c570,45
0x0048C5A0,FUN_0048c5a0,359
0x0048D030,@ShellClickSound@8,90
0x0048D090,@ShellDisabledSound@4,61
0x0048D0D0,@DisableActionButton@4,11
0x0048D0F0,_DialogEnableItem@12,75
0x0048D140,@DialogItemIsEnabled@4,15
0x0048D150,@LimitEditFieldLength@4,7
0x0048D160,FUN_0048d160,111
0x0048D1E0,FUN_0048d1e0,114
0x0048D2B0,_SAYInit@0,51
0x0048D2F0,_SAYInit2@0,65
0x0048D340,_SAYShutdown@0,1
0x0048D350,@SAYMsg@4,99
0x0048D3C0,_SAYDefaultSayProc,66
0x0048D410,FUN_0048d410,13
0x0048D420,FUN_0048d420,76
0x0048D470,FUN_0048d470,364
0x0048D5E0,FUN_0048d5e0,19
0x0048D600,FUN_0048d600,10
0x0048D610,FUN_0048d610,200
0x0048D6E0,FUN_0048d6e0,157
0x0048E140,FUN_0048e140,11
0x0048E150,FUN_0048e150,53
0x0048E190,FUN_0048e190,434
0x0048E350,FUN_0048e350,148
0x0048E3F0,FUN_0048e3f0,50
0x0048E430,FUN_0048e430,171
0x0048E4E0,FUN_0048e4e0,267
0x0048E5F0,FUN_0048e5f0,334
0x0048E740,FUN_0048e740,396
0x0048E920,@SAYRearmMessage@8,37
0x0048E950,FUN_0048e950,191
0x0048EA10,@SAYSuppRadarMessage@12,264
0x0048EB20,@SAYLowFuelMessage@8,286
0x004900F0,FUN_004900f0,204
0x00490480,FUN_00490480,2498
0x00490ED0,FUN_00490ed0,84
0x00490F30,@SAYTranslate@4,510
0x00491130,_SAYFortAircraft,187
0x004911F0,_SAYFortStatus,73
0x00491240,@OBJGet@4,14
0x00491250,_OBJInit@4,99
0x004912C0,_OBJShutdown@0,50
0x00491300,_OBJAlloc@4,23
0x00491320,_OBJStopAdding@0,29
0x00491340,_OBJFindHumans@0,151
0x004913E0,_OBJAdd@8,161
0x00491490,_OBJSubtract@0,36
0x004914C0,@OBJAlias@8,104
0x00491530,_OBJCreateAliases@0,219
0x00491610,_OBJAliasPreferred@16,95
0x00491670,_OBJAliasAll@12,166
0x00491720,_OBJAliasWaypoint@16,92
0x00491780,_OBJAliasForMulti@0,78
0x004917D0,_OBJNextAliasForMulti@0,20
0x004917F0,_OBJTempAlias@0,31
0x00491810,_OBJSetControl@16,188
0x004918D0,_OBJHumanName@0,451
0x00491AA0,FUN_00491aa0,562
0x00491CF0,FUN_00491cf0,166
0x00491E10,FUN_00491e10,52
0x00491E50,FUN_00491e50,515
0x00492060,FUN_00492060,117
0x00492280,?ShowSlewObj@@YAXXZ,85
0x004922E0,?SER_RemoteQueueFull@@YADXZ,17
0x00492300,?SER_UpdateRemoteQueueStatus@@YAXJ@Z,39
0x00492330,?SER_ProcessStatusPacket@@YAXAAUSERIAL_PACKET_WRAPPER@@@Z,90
0x00492390,?SER_ProcessDataPacket@@YAXAAUSERIAL_PACKET_WRAPPER@@@Z,26
0x004923B0,?SER_ProcessResentPacket@@YAXAAUSERIAL_PACKET_WRAPPER@@@Z,163
0x00492460,?SER_ProcessRequestPacket@@YAXAAUSERIAL_PACKET_WRAPPER@@@Z,81
0x004924C0,?SER_WrapPacket@@YAXAAUSERIAL_PACKET_WRAPPER@@AAUSERIAL_PACKET@@@Z,160
0x00492570,?SER_ProcessIncomingPacket@@YAXUSERIAL_PACKET@@@Z,267
0x00492690,?SER_ReadIncomingPackets@@YAXXZ,11
0x0049269B,FUN_0049269b,154
0x00492740,?doConfigurationScreen@@YAXJP6AXPAUCN_INFO@@PAD@Z@Z,2572
0x00493160,FUN_00493160,846
0x004934C0,FUN_004934c0,670
0x00493760,FUN_00493760,22
0x00493780,?RunIPXOptionsDialog@@YAXPAUCN_INFO@@PAD@Z,1317
0x00493CC0,FUN_00493cc0,50
0x00493D00,FUN_00493d00,84
0x00493D60,FUN_00493d60,68
0x00493DB0,FUN_00493db0,89
0x00493E10,FUN_00493e10,203
0x00493EF0,FUN_00493ef0,80
0x00493F40,FUN_00493f40,58
0x00493F80,FUN_00493f80,87
0x00493FE0,FUN_00493fe0,247
0x00494200,FUN_00494200,18
0x00494220,FUN_00494220,69
0x00494270,@ReadSticksRaw@0,93
0x004942D0,_InitJoysticks@0,337
0x00494430,?GetJoystickType@@YA?AW4JOYRESULT@@K@Z,98
0x004944A0,?ReadDevice@@YA?AW4JOYRESULT@@K@Z,210
0x00494580,?ScaleToRange@@YGJMMMMMMD@Z,299
0x004946B0,@NormalizeStick@16,11
0x004946BB,FUN_004946bb,917
0x00494A50,@GetPOV@0,129
0x00494AE0,@ASynchJoystick@0,97
0x00494B50,@ReadJoystickButtons@0,73
0x00494BB0,?noIO@@YAJJPAD@Z,3
0x00494BC0,?MP_Initialize@@YAJPAUCN_INFO@@J@Z,211
0x00494CB0,?MP_Info@@YAPAUMP_INFO@@XZ,6
0x00494CC0,?MP_Shutdown@@YAXXZ,106
0x00494D40,?MP_SetTransmitTimeout@@YAXJ@Z,10
0x00494D60,FUN_00494d60,65
0x00494DB0,FUN_00494db0,67
0x00494E00,FUN_00494e00,408
0x00494FA0,FUN_00494fa0,176
0x00495130,FUN_00495130,511
0x00495380,FUN_00495380,460
0x00495550,FUN_00495550,262
0x00495660,FUN_00495660,279
0x00495780,FUN_00495780,61
0x00495E00,FUN_00495e00,120
0x00495E80,FUN_00495e80,4054
0x00496E60,FUN_00496e60,212
0x00496F40,?spxinit@@YADPAUNET_ADDRESS_LIST@@@Z,190
0x00497000,?spxinit2@@YADPAUNET_PROTOCOL@@PAUCN_INFO@@@Z,11
0x00497010,?spxlisten@@YAIXZ,176
0x004970C0,FUN_004970c0,130
0x00497150,?spxconnect@@YAIPAUNET_ADDRESS@@@Z,123
0x004971D0,?convert_addr_ipx2usnf@@YAXPAUNET_ADDRESS@@PAUsockaddr_ipx@@@Z,57
0x00497210,?convert_addr_usnf2ipx@@YAXPAUsockaddr_ipx@@PAUNET_ADDRESS@@@Z,59
0x00497290,?spxbuildaddress@@YADPAUNET_PROTOCOL@@PAUCN_INFO@@PAUNET_ADDRESS@@@Z,62
0x00497330,@G_FlipY@4,12
0x00497340,@G_Init@0,164
0x004973F0,@G_Shutdown@0,149
0x00497490,_G_InitLineStats@0,34
0x004974C0,_G_SetPalette@16,28
0x004974E0,@G_SetBitmap@4,7
0x004974F0,@G_SetClipBox@16,253
0x004975F0,@G_SetFullClipBox@0,23
0x00497610,@G_PushClipBox@0,64
0x00497650,@G_PopClipBox@0,45
0x00497680,@G_SetColor@4,67
0x004976D0,@G_Point@8,41
0x00497700,@G_UPoint@8,65
0x00497770,_G_UHline@12,643
0x00497A10,_G_Hline@12,70
0x00497A60,_G_UVline@12,159
0x00497B00,_G_Vline@12,82
0x00497B60,_G_URect@16,139
0x00497BF0,_G_Rect@16,234
0x00497D10,_G_URect2@16,34
0x00497D40,_G_UBox@16,68
0x00497D90,_G_Box@16,68
0x00497DE0,_G_ClipLine,888
0x00498160,_G_Line@16,60
0x004981A0,_G_ULine@16,466
0x00498380,_G_PatLine@20,95
0x004983E0,@G_DrawYLR@4,39
0x00498410,@G_SetScaleMax@8,13
0x00498420,@G_Flush@4,5
0x00498430,@G_ReverseVertices@8,80
0x00498480,@G_Flip@8,46
0x004984F0,@G_UPolygonFlip@8,56
0x00498570,@G_PointFlip@8,18
0x004985E0,_G_ULineFlip@16,44
0x00498610,_G_LineFlip@16,44
0x00498640,_G_CircleFlip@16,40
0x00498670,_G_URectFlip@16,43
0x004986A0,@G_SetFont@4,7
0x004986B0,@G_Print@16,571
0x004988F0,_G_PrintOutline@24,143
0x00498980,_G_Printf,105
0x004989F0,@G_StringWidth@4,37
0x00498A20,@G_StringHeight@0,8
0x00498AF0,?code@@YAJJJ@Z,130
0x00498B90,?clipT@@YAJJPAUTVERTEX@@@Z,10
0x00498B9A,FUN_00498b9a,325
0x00498CE0,?clipB@@YAJJPAUTVERTEX@@@Z,10
0x00498CEA,FUN_00498cea,325
0x00498E30,?clipL@@YAJJPAUTVERTEX@@@Z,10
0x00498E3A,FUN_00498e3a,332
0x00498F90,?clipR@@YAJJPAUTVERTEX@@@Z,10
0x00498F9A,FUN_00498f9a,332
0x004990F0,_G_ClipDestPoly,191
0x00499200,@G_SetHShake@8,62
0x00499240,@G_SetVShake@8,62
0x00499280,_G_Hline2@12,47
0x004992B0,_G_UHline2@12,47
0x004992E0,_G_Box2@16,70
0x00499330,_G_UBox2@16,70
0x00499380,_WPSetWaypoints@8,60
0x004993C0,_WPSetupCurrent@4,637
0x00499640,_WPGoalObjEvent@8,51
0x00499680,_WPMaybeAdvance@0,435
0x00499840,_WPChange@12,353
0x004999B0,_WPPos@8,153
0x00499A50,_WPObj@4,52
0x00499AA0,_WPTarget@4,39
0x00499AD0,@WPDoingWaypoints@0,22
0x00499C50,_WPOptimizeWaypoints@0,148
0x00499CF0,_MOUSESetLimits@8,26
0x00499D10,_MOUSESetPos@8,39
0x00499D50,_MOUSERead@8,150
0x00499DF0,_MOUSEInit@0,55
0x00499E30,_MOUSEShutdown,28
0x00499E50,?MOUSEEvent@@YIXIIJ@Z,11
0x00499E5B,FUN_00499e5b,252
0x00499F70,?setPacketInfo@@YAXAAUSERIAL_PACKET@@JJ@Z,21
0x00499F90,?computePacketCRC@@YAKAAUSERIAL_PACKET@@@Z,97
0x0049A000,?packetCRC@@YAKAAUSERIAL_PACKET@@@Z,46
0x0049A040,?verifyPacketCRC@@YADAAUSERIAL_PACKET@@@Z,36
0x0049A070,?assignPacketCRC@@YAXAAUSERIAL_PACKET@@@Z,34
0x0049A0A0,?SER_EnterCriticalCodeBackground@@YAXXZ,93
0x0049A100,?SER_LeaveCriticalCodeBackground@@YAXXZ,30
0x0049A120,?SER_CheckDisconnect@@YADXZ,140
0x0049A1B0,?SER_GetOutholdingLimit@@YAXXZ,162
0x0049A380,?InitializeQueue@@YAXAAUSERIAL_QUEUE@@PAUSERIAL_PACKET_WRAPPER@@J@Z,91
0x0049A3E0,?updateQueueHead@@YAXAAUSERIAL_QUEUE@@J@Z,19
0x0049A400,?insertQueue@@YAXAAUSERIAL_QUEUE@@AAUSERIAL_PACKET_WRAPPER@@@Z,85
0x0049A460,?overwriteQueue@@YAXAAUSERIAL_QUEUE@@AAUSERIAL_PACKET_WRAPPER@@@Z,52
0x0049A4A0,?retrieveFromQueue@@YAXAAUSERIAL_QUEUE@@JAAUSERIAL_PACKET_WRAPPER@@@Z,39
0x0049A4D0,?fetchFromQueueTail@@YAXAAUSERIAL_QUEUE@@AAUSERIAL_PACKET_WRAPPER@@@Z,77
0x0049A520,?SER_InitializeControlStruct@@YAXXZ,318
0x0049A660,?SER_InitializeLowLevel@@YAXXZ,72
0x0049A6B0,?SER_ShutdownLowLevel@@YAXXZ,42
0x0049A700,?strToCom@@YAJPAE@Z,202
0x0049A7D0,?MOD_InitPortAndModem@@YAJPAUCN_INFO@@J@Z,119
0x0049A850,?MOD_FindModemAndInit@@YAJPAUCN_INFO@@J@Z,345
0x0049A9B0,?MOD_FindModemAndInitPCMCIA@@YAJPAUCN_INFO@@J@Z,590
0x0049AC00,?MOD_WaitForCall@@YAJXZ,249
0x0049AD00,?MOD_Initialize1@@YAJPAUCN_INFO@@J@Z,102
0x0049AD70,?MOD_DoConnect@@YAJPAUCN_INFO@@JPAJ@Z,426
0x0049AF30,?MOD_InitializeAndConnect@@YAJPAUCN_INFO@@JPAJ@Z,186
0x0049AFF0,?MOD_Initialize@@YAJPAUCN_INFO@@J@Z,218
0x0049B0D0,?MOD_Shutdown@@YAXXZ,60
0x0049B1D0,?RunSerialConfigurationScreen@@YGXXZ,2012
0x0049C780,?RunModemConfigurationScreen@@YGXXZ,2544
0x0049D1B0,@TakeoffSpeed@0,19
0x0049D1D0,_StallSpeed@4,42
0x0049D200,@GetFlightEnvelope@4,41
0x0049D230,_CheckFlightEnvelope@8,155
0x0049D2D0,_EnvelopeSpeedLimits@16,358
0x0049D440,FUN_0049d440,71
0x0049D490,_MaxGAtAlt@0,51
0x0049D4D0,@EnvHighest@4,50
0x0049D510,_PLANEInit@0,10
0x0049D520,@PLANERemove@4,90
0x0049D580,?PLANEDoCurrentWaypoint@@YADXZ,350
0x0049D6E0,_PLANESetEjectTime@4,76
0x0049D730,?PLANEBreakUp@@YGXXZ,298
0x0049D890,_PLANECrash@4,1659
0x0049DF40,_PLANEEventProc,5926
0x0049F6B0,FUN_0049f6b0,247
0x0049F7B0,FUN_0049f7b0,35
0x0049F7E0,FUN_0049f7e0,43
0x0049F810,FUN_0049f810,24
0x0049F830,FUN_0049f830,15
0x0049FA10,_PLANECheckEject@0,55
0x0049FAA0,_PLANEList@8,103
0x0049FB70,_PLANECheckFuel@0,352
0x0049FCD0,@PLANESetThrottle@8,109
0x0049FD40,@PLANEUpdateJustLanded@8,33
0x0049FD70,?FindStreamerDef@@YIPAUSTREAMER_DEF@@PAE@Z,27
0x0049FD90,_DrawStreamer@12,631
0x004A0010,_StreamersInit@0,11
0x004A001B,FUN_004a001b,230
0x004A0110,FUN_004a0110,313
0x004A0250,_StreamersUpdate@0,127
0x004A02D0,_StreamersShutdown@0,55
0x004A0310,_PLANEHackForPlayerWing@0,477
0x004A04F0,_PLANETurnOffGunSound@0,32
0x004A0510,_PLANESetFeetWet@0,76
0x004A0560,_MakeNamesForList@0,171
0x004A0610,_ScreenDirty@0,44
0x004A0640,_DialogFadeout@0,172
0x004A06F0,_DoFadeout@0,27
0x004A0710,_DialogFadein@0,253
0x004A0810,@DialogDrawBkgd@4,74
0x004A0860,@MainMenu@4,59
0x004A08A0,_ChooseActivity@0,1666
0x004A0FE0,FUN_004a0fe0,197
0x004A10B0,_SingleFilename@4,45
0x004A10E0,_SingleMission@0,1828
0x004A1810,FUN_004a1810,134
0x004A18A0,_CampaignSelect@0,983
0x004A1C80,_DialogPickFiles@8,325
0x004A1DD0,@BriefScreen@16,1075
0x004A2220,_GraphicPrefs@0,569
0x004A2480,_SoundPrefs@0,610
0x004A26F0,_DoDialogInfoBox@8,204
0x004A27C0,_DialogInfoBox@12,569
0x004A2A30,_AddStats@20,17
0x004A2A41,FUN_004a2a41,5889
0x004A4180,FUN_004a4180,106
0x004A41F0,FUN_004a41f0,154
0x004A4290,FUN_004a4290,110
0x004A4300,FUN_004a4300,570
0x004A4590,FUN_004a4590,66
0x004A45E0,_AddJanesStatsJOGC@20,14
0x004A45EE,FUN_004a45ee,3637
0x004A5440,FUN_004a5440,134
0x004A54D0,FUN_004a54d0,110
0x004A5540,_GetFiles@20,13
0x004A554D,FUN_004a554d,161
0x004A55F0,_EveryoneHasChosenSides@0,40
0x004A5620,@ChooseSidesDialog@4,305
0x004A5760,?FixChosenSides@@YGDXZ,173
0x004A5810,@ChooseSidesDialog2@4,340
0x004A5970,_CanReplay@0,23
0x004A5990,?winsock_load@@YADPAU_winsock_funcs@@PAD@Z,791
0x004A5CB0,?winsock_cleanup@@YAXXZ,44
0x004A5CE0,?winsock_handle_error@@YAPADPADW4ERROR_SEVERITY@@0H@Z,36
0x004A5D10,?winsock_process_error@@YAPADHPADW4ERROR_SEVERITY@@0H@Z,149
0x004A5DB0,FUN_004a5db0,73
0x004A5E00,?winsock_set_non_blocking@@YADI@Z,74
0x004A5E50,?winsock_set_buffer_sizes@@YADI@Z,315
0x004A5F90,?socket_flush_close@@YAXI@Z,16
0x004A5FA0,?socket_close@@YAXI@Z,16
0x004A5FB0,FUN_004a5fb0,341
0x004A6110,?socket_close_non_player_sockets@@YAXXZ,58
0x004A6150,?socket_close_socket@@YAXIG@Z,69
0x004A61A0,?socket_close_all@@YAXXZ,122
0x004A6220,?socket_get_state_ptr@@YAPAUsocket_state@@I@Z,52
0x004A6260,?socket_add_state_func@@YADIP6ADIJHPAUsocket_state@@@ZW4SOCK_STATE@@@Z,64
0x004A62A0,?socket_set_state@@YAXPAUsocket_state@@W4SOCK_STATE@@@Z,16
0x004A62C0,?socket_set_type@@YADPAUsocket_state@@W4SOCK_TYPE@@@Z,14
0x004A62D0,?socket_set_all_players_state_funcs@@YAXP6ADIJHPAUsocket_state@@@ZW4SOCK_STATE@@H@Z,75
0x004A6320,?socket_set_state_func@@YAXPAUsocket_state@@P6ADIJH0@ZW4SOCK_STATE@@@Z,23
0x004A6340,FUN_004a6340,71
0x004A6390,?socket_build_write_fds@@YAXXZ,117
0x004A6410,FUN_004a6410,375
0x004A65A0,FUN_004a65a0,162
0x004A6650,?socket_get_fds@@YAXPAUfd_set@@00@Z,55
0x004A6690,FUN_004a6690,41
0x004A66C0,?socket_check_duplicates@@YADPAUsocket_state@@@Z,155
0x004A6760,?socket_set_doa@@YAXI@Z,74
0x004A67B0,?socket_process_doa@@YAXXZ,55
0x004A67F0,_RMInit@0,36
0x004A6820,_RMShutdown@0,61
0x004A6860,@RMType@4,13
0x004A6870,_RMChangeType@12,117
0x004A68F0,_RMLocate@12,128
0x004A6970,?RMUnlocate@@YGXPAD@Z,19
0x004A6990,@RMFind@4,278
0x004A6AB0,FUN_004a6ab0,47
0x004A6AE0,_RMAccess@8,46
0x004A6B10,ResolveTypeRecord,24
0x004A6B30,FUN_004a6b30,394
0x004A6CC0,_RMAccessHandle@8,30
0x004A6CE0,_RMFree@4,114
0x004A6D60,_RMFreeAllId@4,70
0x004A6DB0,@RMNotify@4,55
0x004A6DF0,FUN_004a6df0,39
0x004A6E20,_SetupBitmapAccess@12,38
0x004A6EB0,_SetupOT,784
0x004A71C0,LoadShapeVariantPair,28
0x004A71E0,LoadShapeSlot,28
0x004A7200,_SetupNT,28
0x004A7220,_SetupPT,14
0x004A7230,_SetupJT,14
0x004A7240,@RMLegalFilename@4,197
0x004A7310,_T_InitPlane@4,153
0x004A73B0,_T_AddObj@12,1642
0x004A7A40,_T_AddYourObjs@0,811
0x004A7D70,_T_ImmediateVisibility@4,122
0x004A7DF0,_T_ObjList@8,89
0x004A7E50,_T_Render@4,196
0x004A7F40,FUN_004a7f40,36
0x004A7F70,?T_ForestProc@@YAXJ@Z,277
0x004A8090,FUN_004a8090,149
0x004A8130,FUN_004a8130,685
0x004A8750,?T_MooseProc@@YAXJ@Z,277
0x004A8880,?T_VietRicePaddy1Proc@@YAXJ@Z,198
0x004A8A70,_T_InitWaterProc,63
0x004A8AB0,?T_WaterProc@@YAXJ@Z,211
0x004A8B90,_T_InitCloudProc,10
0x004A8C30,FUN_004a8c30,141
0x004A8CC0,FUN_004a8cc0,99
0x004A8D30,_T_Normal@16,282
0x004A8E50,?T_LeafOp@@YGXDPAULEAF_LIST@@PAUWORD_POINT3@@PAULONG_POINT@@J11@Z,14
0x004A8E5E,FUN_004a8e5e,2042
0x004A9660,_T_Make@12,1356
0x004A9BB0,FUN_004a9bb0,101
0x004A9C20,FUN_004a9c20,209
0x004A9D00,FUN_004a9d00,14
0x004A9D0E,FUN_004a9d0e,261
0x004A9E20,FUN_004a9e20,128
0x004A9EA0,FUN_004a9ea0,33
0x004A9ED0,FUN_004a9ed0,416
0x004AA070,FUN_004aa070,487
0x004AA260,FUN_004aa260,80
0x004AA2B0,FUN_004aa2b0,171
0x004AA380,FUN_004aa380,162
0x004AA430,FUN_004aa430,1
0x004AA440,FUN_004aa440,84
0x004AA4A0,FUN_004aa4a0,384
0x004AA620,_T_InitDictionary@0,93
0x004AA680,@T_InitDictionaryEntry@8,263
0x004AA790,_T_NamedTmaps@0,67
0x004AA820,@T_SortTmapList@0,27
0x004AA840,FUN_004aa840,1114
0x004AACA0,_T_InitHorizonProc@0,61
0x004AACE0,T_HorizonProc,1
0x004AACFE,FUN_004aacfe,1864
0x004AB450,@ShapeSetup@4,918
0x004AB860,@BrushFromIndex@4,503
0x004ABAB0,_T_Info@24,306
0x004ABBF0,?tcpinit@@YADPAUNET_ADDRESS_LIST@@@Z,330
0x004AC180,?SER_SendBytes@@YAXPAEJ@Z,67
0x004AC1D0,?SER_SendHoldingBuffer@@YAXXZ,52
0x004AC210,?SER_OkToSendPacket@@YADXZ,18
0x004AC230,?SER_SendPacket@@YADAAUSERIAL_PACKET_WRAPPER@@D@Z,167
0x004AC2E0,?SER_SendRequests@@YAXXZ,251
0x004AC3E0,?SER_SendDataPackets@@YAXXZ,145
0x004AC480,?SER_SendStatus@@YAXXZ,140
0x004AC510,_MVRMove@32,353
0x004AC880,@MVRApproachTarget@12,337
0x004ACDC0,@DiskInit@0,47
0x004ACDF0,?GetHandle16@@YIFPAX@Z,82
0x004ACE50,@Open@8,189
0x004ACF30,@Create@4,111
0x004ACFA0,@Close@4,84
0x004AD0C0,_Read@12,121
0x004AD140,_Write@12,121
0x004AD1C0,@UGetFileSize@4,94
0x004AD220,@Delete@4,45
0x004AD250,@Rename@8,30
0x004AD2E0,_SaveFile,145
0x004AD380,_ClearCachedFilenames@0,20
0x004AD3A0,@GetExecutablePath@8,24
0x004AD3C0,_LoadFile@16,1506
0x004AD9B0,_LoadFile2@20,259
0x004ADAC0,?ConcatDirAndFile@@YAXPAD00@Z,207
0x004ADB90,FUN_004adb90,128
0x004ADC10,FUN_004adc10,211
0x004AE350,?CenterPrint@@YAXPADJPAUT_HANDLE@@@Z,14
0x004AE35E,FUN_004ae35e,169
0x004AECD0,?VDOClearToBlack@@YAXXZ,127
0x004AEE30,?VDOSetLineStats@@YAXGGE@Z,75
0x004AEE80,?BuildVDOList@@YAPAUVDOLinkedList@@PAD@Z,418
0x004AF030,?FileExists@@YADPAD@Z,22
0x004AF050,?FileSize@@YAJPAD@Z,28
0x004AF070,?StartVDOAudio@@YADPAD@Z,133
0x004AF100,?NewVDOLinkNode@@YAPAUVDOLinkedList@@PAD0@Z,171
0x004AF1B0,?FreeVDOLinkNode@@YAXPAUVDOLinkedList@@@Z,47
0x004AF1E0,?OpenVDOFile@@YAFPAD@Z,30
0x004AF200,?ReadVDOHeader@@YADFPAUVDOHEADER@@@Z,41
0x004AF230,?ReadFrameSizesFile@@YAPAKPAD@Z,146
0x004AF2D0,?ReadVDOPalette@@YADFPAUVDOHEADER@@QAUT_RGB@@@Z,79
0x004AF320,?VDOfromVDOHEADER@@YADPAUVDO@@PAUVDOHEADER@@@Z,123
0x004AF3A0,?AllocVDO@@YADPAUVDO@@@Z,263
0x004AF4B0,?DeallocVDO@@YAXPAUVDO@@PAUVDOLinkedList@@@Z,89
0x004AF510,?GetVDOFrame@@YADPAUVDO@@JF@Z,371
0x004AF690,?VDOAlloc@@YAPAXK@Z,11
0x004AF6A0,?VDOFree@@YAXPAX@Z,9
0x004AF6B0,?VDO_320x200_to_640x480@@YAXPAUT_BITMAP@@0K@Z,175
0x004AF800,?GLASSESInit@@YGXXZ,66
0x004AF850,?GLASSESShutDown@@YGXXZ,48
0x004AF880,?GLASSESHDiff@@YIFF@Z,39
0x004AF8B0,?GLASSESAdjust3dAmount@@YIXJ@Z,52
0x004AFA00,?GLASSESSaveBitmapBox@@YGXJJJJ@Z,59
0x004AFA40,?GLASSESInterleaveBitmapBox@@YGXJJJJ@Z,248
0x004AFB40,FUN_004afb40,281
0x004AFC60,?GLASSESBlitWithOffsets@@YGXJPAUT_BITMAP@@JJ0JJJJJ@Z,1074
0x004B00A0,?GLASSESBeforeDrawingPop@@YGXPAUBOX@@@Z,40
0x004B00D0,?GLASSESAfterDrawingPop@@YGXPAUBOX@@D@Z,91
0x004B0210,FUN_004b0210,216
0x004B02F0,FUN_004b02f0,182
0x004B03B0,FUN_004b03b0,161
0x004B0610,?NetSetProtocol@@YADPADJ@Z,169
0x004B0700,?NetSetFactoryTCP@@YAXPAUCN_INFO_TCP@@@Z,44
0x004B0730,?NET_GetLocalAddressString@@YAXPAD@Z,11
0x004B073B,FUN_004b073b,233
0x004B0830,?NET_Initialize@@YAJPAUCN_INFO@@J@Z,271
0x004B0940,?NET_StartQuery@@YADPAUCN_INFO@@PAXP6AX1W4PLAYER_ACTION@@PADPAUNET_ADDRESS@@J@Z@Z,202
0x004B0A10,?NET_Shutdown@@YAXXZ,117
0x004B0A90,?NET_ShutdownQuery@@YAXXZ,42
0x004B0AC0,?NET_Often@@YAXXZ,262
0x004B1060,FUN_004b1060,101
0x004B115E,FUN_004b115e,224
0x004B1240,?NETIsAddrLocal@@YADPAUNET_ADDRESS@@@Z,56
0x004B1280,?NET_GetLastError@@YAXPADH@Z,24
0x004B12A0,?NET_SendMessageAll@@YADPAD@Z,172
0x004B1350,?NET_MakeAutoConnectAddress@@YADPAUCN_INFO@@PAUNET_ADDRESS@@@Z,46
0x004B1380,?NET_Addr2string@@YADPAUNET_ADDRESS@@PAD@Z,25
0x004B13A0,?net_add_player_id@@YAXPADPAUsocket_state@@H@Z,298
0x004B14D0,FUN_004b14d0,99
0x004B1540,?NETProcessEvent@@YAXPAXIIJ@Z,75
0x004B1590,?fill_in_mpinfo@@YAXXZ,183
0x004B1650,FUN_004b1650,1
0x004B16B0,?net_write_output_q@@YAXH@Z,103
0x004B1720,FUN_004b1720,129
0x004B17B0,FUN_004b17b0,311
0x004B18F0,?scan_packet_queue@@YAXPAU_packet_queue@@HH@Z,389
0x004B1AB0,FUN_004b1ab0,93
0x004B1B10,?net_handle_fd_write@@YAXPAUsocket_state@@@Z,43
0x004B1B40,?net_all_players_ready@@YADXZ,17
0x004B1B60,?get_pkt_err_string@@YAPADJ@Z,27
0x004B1B80,?net_send_all@@YAXPAUNET_PKT@@@Z,97
0x004B1BF0,?net_do_accept_connection@@YADIP6ADIJHPAUsocket_state@@@Z@Z,163
0x004B1CA0,?net_set_ready@@YAXPAUsocket_state@@@Z,26
0x004B1CC0,?net_print_player_found@@YAXHPAD@Z,50
0x004B1D00,?net_add_self@@YAXPADH@Z,143
0x004B1D90,FUN_004b1d90,56
0x004B1DD0,?validate_player@@YAPAU_player_info@@J@Z,42
0x004B1E00,?clear_all_syncs@@YAXXZ,40
0x004B1E30,?clear_all_sync_replies@@YAXXZ,40
0x004B1E60,FUN_004b1e60,96
0x004B1EC0,FUN_004b1ec0,104
0x004B1F50,FUN_004b1f50,64
0x004B1F90,FUN_004b1f90,210
0x004B2070,?net_print_connection_failed@@YAXPAUsocket_state@@@Z,80
0x004B20C0,?net_addr_equal@@YADPAUNET_ADDRESS@@0@Z,87
0x004B2120,?net_mung_name@@YAXPAD0@Z,94
0x004B2180,?net_unmung_name@@YADPADPAUPKT_PLAYER_AD@@@Z,108
0x004B21F0,FUN_004b21f0,165
0x004B22A0,FUN_004b22a0,14
0x004B22AE,FUN_004b22ae,307
0x004B23F0,FUN_004b23f0,314
0x004B2530,?net_start_game@@YAXXZ,37
0x004B2560,FUN_004b2560,36
0x004B2590,?net_set_callback_host@@YAXPAXP6AX0W4PLAYER_ACTION@@PADPAUNET_ADDRESS@@J@Z@Z,20
0x004B25B0,?net_set_callback_players@@YAXPAXP6AX0W4PLAYER_ACTION@@PADPAUNET_ADDRESS@@J@Z@Z,20
0x004B25D0,?net_set_callback_connected@@YAXPAXP6AX0W4NET_CONNECTED_STATE@@@Z@Z,20
0x004B2630,?net_set_often_state@@YAXW4PLAYER_STATE@@@Z,131
0x004B26C0,?net_get_often_state@@YA?AW4PLAYER_STATE@@XZ,6
0x004B26D0,?net_free_player_list@@YAXXZ,64
0x004B2710,FUN_004b2710,173
0x004B27C0,?UCONFIG_DMusic@@YADXZ,89
0x004B2820,?UCONFIG_SetVideoOptions@@YGXXZ,267
0x004B2930,?UCONFIG_load_EA_CFG@@YGPAUCONFIG@@XZ,74
0x004B2980,?UCONFIG_save_EA_CFG@@YGDXZ,14
0x004B298E,FUN_004b298e,564
0x004B2BD0,?UCONFIG_Initialize@@YGXXZ,1080
0x004B3010,_CPUSpeed@16,305
0x004B3170,@WRSetTint@4,19
0x004B3190,_WRGetLayer@8,83
0x004B31F0,_WRSetRemaps@8,541
0x004B3410,FUN_004b3410,102
0x004B3480,@WRUpdate@4,710
0x004B3750,FUN_004b3750,199
0x004B3820,FUN_004b3820,10
0x004B382A,FUN_004b382a,667
0x004B3AD0,FUN_004b3ad0,139
0x004B3B60,FUN_004b3b60,21
0x004B3B80,FUN_004b3b80,91
0x004B3BE0,FUN_004b3be0,197
0x004B3CB0,FUN_004b3cb0,212
0x004B3D90,_WRUpdatePalette@0,989
0x004B4170,_WRLightUpdate@0,417
0x004B4320,WRFogLayerUpdate,76
0x004B4370,_WRInit@4,770
0x004B4680,FUN_004b4680,72
0x004B46D0,_WRShutdown@0,24
0x004B46F0,@WRInt@4,7
0x004B4700,_WRForcePaletteUpdate@0,17
0x004B4720,_WRWeatherEffects,101
0x004B4790,?InitTmapRemaps@@YIXXZ,22
0x004B47B0,@SetTmapRemaps@0,271
0x004B48C0,@WRMakeHazeList@12,208
0x004B4990,@WRLensFlare@0,410
0x004B4B30,@WRCanSee@8,116
0x004B4BB0,FUN_004b4bb0,317
0x004B4CF0,FUN_004b4cf0,309
0x004B4E30,FUN_004b4e30,33
0x004B4E60,FUN_004b4e60,164
0x004B4F10,FUN_004b4f10,181
0x004B4FD0,FUN_004b4fd0,186
0x004B5460,FUN_004b5460,145
0x004B5660,FUN_004b5660,148
0x004B5700,FUN_004b5700,265
0x004B5960,FUN_004b5960,292
0x004B5A90,FUN_004b5a90,128
0x004B5F90,FUN_004b5f90,177
0x004B6410,FUN_004b6410,169
0x004B64C0,FUN_004b64c0,886
0x004B6840,FUN_004b6840,981
0x004B6C20,FUN_004b6c20,458
0x004B6DF0,FUN_004b6df0,949
0x004B71B0,FUN_004b71b0,743
0x004B74A0,FUN_004b74a0,265
0x004B75B0,FUN_004b75b0,178
0x004B7700,FUN_004b7700,49
0x004B7890,FUN_004b7890,45
0x004B78C0,FUN_004b78c0,35
0x004B78F0,FUN_004b78f0,30
0x004B7910,G_AllocBitmapBuffer,30
0x004B7930,@G_RelocBitmap@8,119
0x004B79B0,_G_AllocBitmap@12,208
0x004B7A80,_G_AllocSurfaceBitmap@8,365
0x004B7BF0,@G_FreeSurfaceBitmap@4,60
0x004B7C30,?RemapAdd@@YAXPAUT_HANDLE@@H@Z,44
0x004B7C60,?RemapRelocate@@YAXPAUT_HANDLE@@F@Z,110
0x004B7CD0,_G_LoadBitmap@20,317
0x004B7E10,G_RemapBitmapToPalette,323
0x004B7F60,_G_BlitToBrush@16,52
0x004B7FA0,_G_BlitToScreen@16,54
0x004B7FE0,_G_Blit@36,1152
0x004B8460,@G_ColorPrint@20,267
0x004B85F0,@G_ColorStringWidth@8,48
0x004B8620,@G_ColorStringHeight@4,16
0x004B8630,@G_NextTab@4,49
0x004B8670,@G_Scale@20,157
0x004B8710,@G_ScaleFlip@8,165
0x004B87F0,@G_AcTexture@12,45
0x004B8820,@G_TextureFlip@12,112
0x004B8890,@G_PerspectiveFlip@12,131
0x004B8920,@G_HFlipBitmap@4,59
0x004B8960,@G_DoubleBitmapY@4,566
0x004B8BF0,@G_DoubleBitmapX@4,407
0x004B8D90,?carefulDiv@@YANPAMMM@Z,123
0x004B8E10,?NPM_clipTop@@YIJPAUFVERTEX@@0@Z,347
0x004B8F70,?NPM_clipTri@@YAJPAUFVERTEX@@@Z,330
0x004B90C0,?NPM_clipAndScan@@YIJPAUFVERTEX@@J@Z,22
0x004B90D6,FUN_004b90d6,855
0x004B9430,?NPM_FlatTri@@YIXPAUFVERTEX@@J@Z,505
0x004B9630,?NPM_TextureLinearTri@@YIXPAUT_BITMAP@@PAUFVERTEX@@J@Z,1373
0x004B9B90,?NPM_TexturePerspectiveTri@@YIXPAUT_BITMAP@@PAUFVERTEX@@J@Z,2149
0x004BA400,@G_FloatFlatFlip@8,256
0x004BA500,@G_FloatTextureFlip@12,346
0x004BA660,@G_FloatPerspectiveFlip@12,373
0x004BA7E0,_APInit@0,26
0x004BA800,@APAdd@4,103
0x004BA870,@APDelete@4,110
0x004BA8E0,_APNearest@20,294
0x004BAA10,@APTakeoffType@8,166
0x004BAAC0,@APLandingType@8,95
0x004BAB20,FUN_004bab20,92
0x004BAC70,_APStripFree@0,19
0x004BAC83,FUN_004bac83,288
0x004BBFE0,FUN_004bbfe0,63
0x004BC020,FUN_004bc020,233
0x004BC177,FUN_004bc177,10
0x004BC190,FUN_004bc190,10
0x004BD1E0,FUN_004bd1e0,169
0x004BD2D0,@APFind@4,64
0x004BD310,_APClearParks@0,186
0x004BD3D0,_APGetPark@0,73
0x004BD420,_APAssignPark@0,111
0x004BD490,_APUnassignPark@0,122
0x004BD950,FUN_004bd950,473
0x004BE6A0,_APApproachPath@20,11
0x004BE6AB,FUN_004be6ab,560
0x004BE8E0,_APTeleport,443
0x004BEAB0,?APSetOffset@@YGXPAUOBJ@@PAUAIRPORT@@PAUOBJ_ON_CARRIER@@@Z,69
0x004BEB00,@APAddToCarrier@4,83
0x004BEB60,@APRemoveFromCarrier@0,34
0x004BEB90,@APCheckCarrier@0,204
0x004BEC60,FUN_004bec60,263
0x004BED70,_APHomeAirport@0,183
0x004BEE30,@APObjOnShip@4,47
0x004BEE7D,FUN_004bee7d,207
0x004BEF5D,FUN_004bef5d,223
0x004BF04D,FUN_004bf04d,213
0x004BF13D,FUN_004bf13d,217
0x004BF34D,FUN_004bf34d,836
0x004BF7D0,FUN_004bf7d0,117
0x004BFDC0,FUN_004bfdc0,124
0x004C06A0,_PROJInit@0,97
0x004C0710,_PROJGetTargetPos@12,265
0x004C0820,@PROJAccurateHardPos@4,71
0x004C0870,@PROJSetTarget@4,232
0x004C0960,_PROJLockUpdate@0,292
0x004C0A90,_PROJAdd@40,13
0x004C0A9D,FUN_004c0a9d,1652
0x004C1120,_PROJSpeed@8,70
0x004C1170,_PROJEngineState@0,50
0x004C11B0,?PROJMoveProc@@YAXD@Z,1150
0x004C1630,FUN_004c1630,45
0x004C1660,FUN_004c1660,192
0x004C1720,FUN_004c1720,56
0x004C1760,FUN_004c1760,56
0x004C17A0,FUN_004c17a0,78
0x004C17F0,FUN_004c17f0,128
0x004C1870,?PROJDamageProc@@YAXPAUHIT_OBJ_DATA@@@Z,917
0x004C1C10,FUN_004c1c10,163
0x004C1F10,FUN_004c1f10,50
0x004C1F50,_PROJProc,22
0x004C20C0,_PROJHit@8,174
0x004C2170,_PROJFire@16,819
0x004C24B0,FUN_004c24b0,564
0x004C26F0,_PROJFireSound@4,365
0x004C2860,_PROJInFOV@40,752
0x004C2B50,FUN_004c2b50,10
0x004C2B5A,FUN_004c2b5a,735
0x004C2E40,FUN_004c2e40,104
0x004C2EB0,_PROJRadarIsOn@8,103
0x004C2F20,_PROJLock@24,709
0x004C31F0,FUN_004c31f0,96
0x004C3250,FUN_004c3250,263
0x004C3360,FUN_004c3360,21
0x004C3380,_PROJHitChance@28,10
0x004C338A,FUN_004c338a,1181
0x004C3830,FUN_004c3830,92
0x004C3890,FUN_004c3890,197
0x004C3960,FUN_004c3960,59
0x004C39A0,@PROJLaunchDevice@4,334
0x004C3AF0,_PROJRetargetMissilesOnDevice@12,324
0x004C3C40,FUN_004c3c40,88
0x004C3CA0,_PROJRemove@0,304
0x004C3DD0,@PROJRetargetMissiles@4,218
0x004C3EB0,_PROJMakeBombEq@28,374
0x004C4030,_PROJChangeBombEq@8,32
0x004C4050,_PROJBombPos@12,170
0x004C4100,_PROJSelectTarget@0,656
0x004C4390,FUN_004c4390,871
0x004C4700,_PROJServiceWeapon@24,2290
0x004C5000,FUN_004c5000,74
0x004C5050,FUN_004c5050,539
0x004C5270,FUN_004c5270,94
0x004C52D0,FUN_004c52d0,661
0x004C5570,@PROJMissileAttacking@4,246
0x004C5670,_PROJSendCollateralDamages@24,560
0x004C58A0,FUN_004c58a0,13
0x004C58AD,FUN_004c58ad,1107
0x004C5D00,FUN_004c5d00,38
0x004C5D30,_T_InitDatabase@0,26
0x004C5D50,_T_ShutdownDatabase@0,13
0x004C5D60,_T_Init@0,5
0x004C5D70,@T_Load@4,451
0x004C5F40,FUN_004c5f40,22
0x004C5F60,_T_Init2@0,52
0x004C5FA0,_T_Shutdown@0,113
0x004C6020,_T_StopAdding@0,20
0x004C6040,@T_GetLeaf@12,168
0x004C60F0,_DecodeFile,167
0x004C619C,_G_UPatLine@20,408
0x004C6334,_G_UBresenhamLine@16,300
0x004C64B8,_Swapmem@12,108
0x004C6524,_DoWordToString@16,198
0x004C65EC,@LMultDiv256@8,12
0x004C65F8,@LFMult@8,9
0x004C6604,@LFDiv@8,13
0x004C6614,@Abs@4,9
0x004C6620,@F24ToPA@4,23
0x004C6638,@PAToF24@4,26
0x004C6654,_Rotate2@8,119
0x004C66CC,_Dist@8,66
0x004C6744,_CpymemX@12,242
0x004C6838,_CpymemXRemap@12,51
0x004C686C,_Sprintf,533
0x004C6A84,FormatField,86
0x004C6ADC,NumberToAscii,339
0x004C6C30,_GetWordPointDelta@12,303
0x004C6D60,_CpuId@0,261
0x004C6E80,FUN_004c6e80,76
0x004C6ECC,@G_UPolygon@8,2307
0x004C77D0,@G_SUPolygon@8,1225
0x004C7C9C,FUN_004c7c9c,3302
0x004C8984,FUN_004c8984,179
0x004C8A38,@G_Polygon@8,59
0x004C8A74,@G_SPolygon@8,45
0x004C8AA4,_DecompressVideo@20,85
0x004C8AFC,_UnRLE@8,239
0x004C8BEC,_BuildSelfModifyCode@0,112
0x004C8C60,DoNibble,120
0x004C8CD8,_DecompressVideoImage@20,136
0x004C8E20,_WRBlackenPalette@12,74
0x004C8E6C,_WRWhitenPalette@12,90
0x004C8EC8,_WRReddenPalette@12,69
0x004C8F10,_WRColorPalette@16,105
0x004C8FD4,Horizon2d,147
0x004C9066,FUN_004c9066,142
0x004C90F4,FUN_004c90f4,133
0x004C9179,FUN_004c9179,52
0x004C91AD,FUN_004c91ad,115
0x004C9224,NoHorizon,37
0x004C924C,_SolidHorizon,375
0x004C93C3,FUN_004c93c3,51
0x004C93F6,FUN_004c93f6,53
0x004C942C,_GouraudHorizon,412
0x004C95C8,_ScreenMove@16,89
0x004C9624,_T_InterpAltNW@16,329
0x004C98BC,FUN_004c98bc,91
0x004C9918,FUN_004c9918,366
0x004C9A88,AC_interpolate_linear_span,886
0x004C9E00,FUN_004c9e00,280
0x004C9F18,FUN_004c9f18,272
0x004CA028,_G__AC_Texture,394
0x004CA1B4,interpolate_linear_span,1380
0x004CA718,FUN_004ca718,1326
0x004CAC48,FUN_004cac48,238
0x004CAD38,FUN_004cad38,236
0x004CAE25,FUN_004cae25,17
0x004CAE38,_G__Texture,589
0x004CB088,interpolate_perspective_span,2266
0x004CBB69,FUN_004cbb69,210
0x004CBC3B,FUN_004cbc3b,208
0x004CBD0B,_G__Perspective,369
0x004CBE7C,_G__ScaleBitmap,1321
0x004CC3A5,expand_texture_poly,165
0x004CC44C,Remap,102
0x004CC4B4,SetShadingTable,99
0x004CC518,@DoSetTmapRemaps@0,45
0x004CC548,FUN_004cc548,161
0x004CC5E9,FUN_004cc5e9,176
0x004CC699,FUN_004cc699,69
0x004CC726,FUN_004cc726,45
0x004CC753,FUN_004cc753,114
0x004CC7F4,@RemapYLRP@4,185
0x004CC8B0,@DrawYLRP@8,23
0x004CCB88,@ArcTan@8,176
0x004CCC48,_CopySB8,49
0x004CCC7C,_CopyDB8,149
0x004CCD14,_CopySB15,89
0x004CCD70,_CopyDB15,133
0x004CCDF8,_CopyDSB15,129
0x004CCE7C,_CopyDDB15,213
0x004CCF54,_ExpandDB,52
0x004CCF88,_ExpandSB,89
0x004CD588,sincos,62
0x004CD5DF,FUN_004cd5df,15
0x004CD5EE,FUN_004cd5ee,333
0x004CD7A0,@GRACos@4,20
0x004CD7B4,acos,75
0x004CD834,@GRSetLightSource@4,30
0x004CD854,SetShading,91
0x004CD8B0,_Sun,64
0x004CD8F0,FUN_004cd8f0,234
0x004CD9DA,FUN_004cd9da,236
0x004CDAC6,FUN_004cdac6,237
0x004CDBB3,FUN_004cdbb3,239
0x004CDCA8,do_nop,16
0x004CDCB8,render_3d,506
0x004CDEB4,FUN_004cdeb4,1522
0x004CE4A8,FUN_004ce4a8,9
0x004CE4B4,check_flat,719
0x004CE784,FUN_004ce784,56
0x004CE7BC,load_xlate_rotate_pnt,59
0x004CE7F7,mxmul,163
0x004CE89C,FUN_004ce89c,195
0x004CE968,FUN_004ce968,21
0x004CEB00,FUN_004ceb00,110
0x004CEB70,FUN_004ceb70,466
0x004CED44,FUN_004ced44,116
0x004CEDB8,FUN_004cedb8,466
0x004CEF8C,FUN_004cef8c,116
0x004CF000,FUN_004cf000,466
0x004CF270,code_pnt,50
0x004CF2A4,ecode_pnt,43
0x004CF2D0,FUN_004cf2d0,85
0x004CF328,FUN_004cf328,230
0x004CF410,FUN_004cf410,232
0x004D028C,FUN_004d028c,518
0x004D0494,get_sort_dist,72
0x004D057C,_GRAddBrentObj@40,538
0x004D0798,FUN_004d0798,1175
0x004D0C2F,FUN_004d0c2f,32
0x004D0C50,do_drawobj000,58
0x004D0C8A,FUN_004d0c8a,1409
0x004D120B,FUN_004d120b,534
0x004D1421,FUN_004d1421,3
0x004D1424,sh_op_5A,623
0x004D1694,FUN_004d1694,296
0x004D17BC,do_shape_name,35
0x004D17E0,FUN_004d17e0,16
0x004D17F0,FUN_004d17f0,1
0x004D17F4,do_short_eof,2
0x004D17F8,FUN_004d17f8,251
0x004D18F4,FUN_004d18f4,128
0x004D1974,sh_op_72,14
0x004D1984,FUN_004d1984,856
0x004D1E5C,FUN_004d1e5c,112
0x004D1ECC,FUN_004d1ecc,16
0x004D1EDC,sh_op_7A,72
0x004D1F24,FUN_004d1f24,6
0x004D1F2C,FUN_004d1f2c,6
0x004D1F34,FUN_004d1f34,140
0x004D1FC0,sh_op_80,796
0x004D225E,FUN_004d225e,25
0x004D2278,FUN_004d2278,45
0x004D22A8,do_sfcal_long,41
0x004D22D4,do_ifdestroyed,37
0x004D22FC,do_no_overlap,28
0x004D2318,FUN_004d2318,42
0x004D2344,do_use_terrain_detail,28
0x004D2360,FUN_004d2360,32
0x004D2380,do_if_not_effect,44
0x004D23AC,FUN_004d23ac,162
0x004D2450,FUN_004d2450,167
0x004D24F8,FUN_004d24f8,136
0x004D2580,FUN_004d2580,136
0x004D2608,FUN_004d2608,136
0x004D2690,FUN_004d2690,173
0x004D2740,sh_op_84,86
0x004D2798,load_dest,46
0x004D2880,FUN_004d2880,143
0x004D2910,FUN_004d2910,56
0x004D29EC,FUN_004d29ec,143
0x004D2B20,FUN_004d2b20,143
0x004D2BB0,FUN_004d2bb0,189
0x004D2C70,FUN_004d2c70,189
0x004D2D30,FUN_004d2d30,189
0x004D2FC0,do_setcolor2,8
0x004D2FC8,FUN_004d2fc8,7
0x004D2FD0,FUN_004d2fd0,58
0x004D300A,FUN_004d300a,2
0x004D300C,do_fullpntg16,88
0x004D3064,FUN_004d3064,99
0x004D30C8,FUN_004d30c8,26
0x004D30E4,do_short_ijmp,1
0x004D30E5,FUN_004d30e5,27
0x004D3100,do_ijmp_long,23
0x004D3118,FUN_004d3118,27
0x004D3134,do_anim_jmp,40
0x004D315C,FUN_004d315c,55
0x004D3193,FUN_004d3193,1
0x004D3194,FUN_004d3194,580
0x004D33D8,do_icall_long,576
0x004D3618,FUN_004d3618,44
0x004D3644,FUN_004d3644,44
0x004D3670,FUN_004d3670,91
0x004D36CC,FUN_004d36cc,91
0x004D3728,FUN_004d3728,91
0x004D3784,FUN_004d3784,54
0x004D37BC,FUN_004d37bc,54
0x004D37F4,FUN_004d37f4,54
0x004D382C,FUN_004d382c,122
0x004D3938,FUN_004d3938,2085
0x004D415D,thunk_FUN_004d416b,2
0x004D416B,FUN_004d416b,1
0x004D416C,do_jumpfar4,210
0x004D4240,do_start_interp,17
0x004D4254,do_start_asm,2
0x004D4258,do_collision_info,19
0x004D426C,FUN_004d426c,26
0x004D4288,FUN_004d4288,61
0x004D42C8,do_setlight,35
0x004D42EC,do_setcoarse,27
0x004D4308,do_set_point_color,92
0x004D4364,do_set_gouraud,103
0x004D43CC,SetFlatColor,15
0x004D43DC,do_new_poly,944
0x004D478C,do_force_no_pmap,23
0x004D47A4,do_streamer_def,19
0x004D47B8,do_streamer_draw,185
0x004D4874,_NeedClip,18
0x004D4888,_RestoreClip,11
0x004D4894,do_screen_coords,243
0x004D4988,FUN_004d4988,56
0x004D49C0,FUN_004d49c0,89
0x004D4A19,do_brush_solid,23
0x004D4A30,do_brush_trans,23
0x004D4A47,do_brush_area,38
0x004D4A6D,do_brush_area_full,93
0x004D4ACA,FUN_004d4aca,610
0x004D4D2C,FUN_004d4d2c,723
0x004D4FFF,FUN_004d4fff,284
0x004D511B,FUN_004d511b,288
0x004D523B,FUN_004d523b,283
0x004D5356,FUN_004d5356,287
0x004D5475,do_new_smap,463
0x004D5644,do_new_rmap,872
0x004D59AC,do_new_pmap_or_tmap,125
0x004D5A2C,angles_2_matrix,379
0x004D5BA8,_GRInit3d@4,35
0x004D5BCC,_GRRender@36,202
0x004D5C98,_GRSinCos@12,38
0x004D5CC0,_GRTo2d@8,341
0x004D5E58,_MakeObjRotationMatrix@16,638
0x004D60D8,_MakeViewRotationMatrix@16,579
0x004D631C,_MultPointByMatrix@8,41
0x004D6348,_GRSaveContext@0,165
0x004D63F0,_GRRestoreContext@0,165
0x004D6498,@GRExec@4,63
0x004D64D8,_MultF24PointByMatrix@8,236
0x004D65C4,@Sqrt@4,121
0x004D6640,do_nt,940
0x004D69EC,__compute_viewer_dot_product,76
0x004D6A38,draw_quad,87
0x004D6A90,draw_tri_nw,147
0x004D6B24,draw_tri_se,147
0x004D6BB8,draw_nt,931
0x004D715A,_DirectDrawCreate@12,6
0x004D7220,_ser_rs232_getpacket@12,6
0x004D7226,_ser_rs232_block@12,6
0x004D722C,_ser_rs232_flush@8,6
0x004D7232,_ser_rs232_getbyte@8,6
0x004D7238,_ser_rs232_putbyte@8,6
0x004D723E,_ser_rs232_getstatus@8,6
0x004D7244,_ser_rs232_putpacket@12,6
0x004D724A,_FlushTransmitBuffer@4,6
0x004D7250,_FlushReceiveBuffer@4,6
0x004D7256,_SetFlowControlThreshold@12,6
0x004D725C,_SetPaceTime@8,6
0x004D7262,_SetTimeout@8,6
0x004D7268,_UnInitializePort@4,6
0x004D726E,_SetPortCharacteristics@24,6
0x004D7274,_InitializePort@36,6
0x004D727A,_IsPortAvailable@4,6
0x004D7280,_BytesInReceiveBuffer@4,6
0x004D7286,_BytesInTransmitBuffer@4,6
0x004D728C,_GetByte@4,6
0x004D7292,_PeekChar@4,6
0x004D7298,_CdrvCrc16@8,6
0x004D729E,_IsCarrierDetect@4,6
0x004D72A4,_ModemInit@4,6
0x004D72AA,_ModemAttention@4,6
0x004D72B0,_ModemWaitForCall@16,6
0x004D72B6,_IsRing@4,6
0x004D72BC,_GetString@12,6
0x004D72C2,_ModemAnswerMode@8,6
0x004D72C8,_ModemGetCarrierSpeed@4,6
0x004D72CE,_ModemConnect@4,6
0x004D72D4,_Dial@12,6
0x004D72DA,_ModemModifyValue@12,6
0x004D72E0,_ModemHangup@4,6
0x004D72FE,_closeMS,6
0x004D7304,_getMSdatafile,6
0x004D730A,_getMSdatafilesize,6
0x004D7310,_initializeMS,6
0x004D7316,_connectMS,6
0x004D731C,_sendMSresults,6
0x004D7330,_strncpy,254
0x004D7430,__cinit,48
0x004D7460,_exit,18
0x004D7480,__exit,18
0x004D74C0,doexit,173
0x004D7580,FID_conflict:__lockexit,11
0x004D7590,FID_conflict:__lockexit,11
0x004D75A0,__initterm,32
0x004D75C0,_strrchr,39
0x004D75F0,_atol,164
0x004D76A0,_atoi,14
0x004D76B0,__atoi64,223
0x004D7790,_sprintf,103
0x004D7810,_strchr,193
0x004D78D0,FID_conflict:_memcpy,285
0x004D7A30,_tolower,110
0x004D7AA0,__tolower_lk,229
0x004D7B90,_fclose,63
0x004D7BD0,__fclose_lk,95
0x004D7C30,__fsopen,58
0x004D7C70,FID_conflict:__wfopen,21
0x004D7C90,_strstr,128
0x004D7DB0,_isdigit,45
0x004D7E20,_isspace,45
0x004D7E80,_isalnum,50
0x004D7EC0,_isprint,50
0x004D8050,_toupper,110
0x004D80C0,__toupper_lk,229
0x004D81B0,__alloca_probe,47
0x004D81E0,_JumpToContinuation,46
0x004D8220,_CallMemberFunction0,7
0x004D8230,FID_conflict:_CallMemberFunction1,7
0x004D8240,FID_conflict:_CallMemberFunction1,7
0x004D8250,_UnwindNestedFrames,81
0x004D82B0,___CxxFrameHandler,60
0x004D8310,_CallCatchBlock2,98
0x004D83B0,_CallSETranslator,211
0x004D8490,TranslatorGuardHandler,98
0x004D8500,FUN_004d8500,14
0x004D8510,__global_unwind2,32
0x004D8552,__local_unwind2,104
0x004D85BA,__abnormal_termination,35
0x004D85DD,__NLG_Notify1,9
0x004D85E6,__NLG_Notify,24
0x004D8600,operator_new,16
0x004D8610,_strncmp,56
0x004D8648,__ftol,39
0x004D8670,__fpmath,23
0x004D86A0,__cfltcvt_init,56
0x004D87B5,__seh_longjmp_unwind@4,27
0x004D87D0,_labs,10
0x004D87E0,_strncat,291
0x004D8910,__alldiv,170
0x004D89C0,__allmul,52
0x004D8A00,_qsort,354
0x004D8B70,shortsort,91
0x004D8BD0,swap,45
0x004D8C00,__chdir,164
0x004D8CB0,__fullpath,222
0x004D8D90,__splitpath,350
0x004D8EF0,__getcwd,47
0x004D8F60,__getdcwd_lk,306
0x004D90A0,__validdrive,76
0x004D90F0,__strupr,342
0x004D9250,_bsearch,162
0x004D9300,_fread,55
0x004D9340,__fread_lk,326
0x004D9490,_fwrite,55
0x004D94D0,__fwrite_lk,386
0x004D9660,__strcmpi,199
0x004D9730,_strlen,123
0x004D97B0,_strcpy,7
0x004D97C0,_strcat,224
0x004D98B0,_rand,47
0x004D9A10,_sscanf,68
0x004D9A60,_getenv,40
0x004D9A90,__getenv_lk,150
0x004D9B70,__fflush_lk,60
0x004D9BB0,__flush,100
0x004D9C30,flsall,203
0x004D9D00,entry,353
0x004D9EB0,__amsg_exit,42
0x004D9EE0,__strlwr,342
0x004DA040,__strnicmp,244
0x004DA140,__mtinitlocks,42
0x004DA170,__mtdeletelocks,100
0x004DA1E0,__lock,104
0x004DA250,__unlock,23
0x004DA270,__lock_file,54
0x004DA2B0,FID_conflict:__lock_file2,40
0x004DA2E0,__unlock_file,54
0x004DA320,FID_conflict:__lock_file2,40
0x004DA370,__isctype,145
0x004DA410,__flsbuf,333
0x004DA560,__output,2199
0x004DAF10,write_char,65
0x004DAF60,write_multi_char,49
0x004DAFA0,write_string,55
0x004DAFE0,get_int_arg,15
0x004DAFF0,get_int64_arg,21
0x004DB010,get_short_arg,16
0x004DB900,___crtLCMapStringW,524
0x004DBB10,wcsncnt,51
0x004DBB50,___crtLCMapStringA,555
0x004DBD80,_strncnt,44
0x004DBDB0,_free,109
0x004DBE20,__close,110
0x004DBE90,__close_lk,137
0x004DBF20,__freebuf,57
0x004DBF60,__openfile,411
0x004DC170,__getstream,225
0x004DC260,___InternalCxxFrameHandler,188
0x004DC320,FindHandler,670
0x004DC5C0,FindHandlerForForeignException,215
0x004DC6A0,GetRangeOfTrysToCheck,159
0x004DC740,___FrameUnwindToState,190
0x004DC830,CatchIt,148
0x004DC8D0,CallCatchBlock,166
0x004DC99D,FUN_004dc99d,81
0x004DCA20,BuildCatchObject,496
0x004DCC20,DestructExceptionObject,97
0x004DCCA0,AdjustPointer,33
0x004DCCD0,__CallSettingFrame@12,72
0x004DCD20,__mtinit,96
0x004DCDB0,__initptd,19
0x004DCDD0,__getptd,111
0x004DCF10,_malloc,20
0x004DCF30,__nh_malloc,74
0x004DCF80,__heap_alloc,83
0x004DCFE0,__setdefaultprecision,19
0x004DD000,__ms_p5_test_fdiv,79
0x004DD050,__ms_p5_mp_test_fdiv,41
0x004DD1C0,__cftoe,119
0x004DD240,__cftoe2,227
0x004DD330,__cftof,104
0x004DD3A0,__cftof2,190
0x004DD460,__cftog,171
0x004DD580,__shift,43
0x004DD5B0,__dosmaperr,115
0x004DD630,__errno,9
0x004DD640,FUN_004dd640,9
0x004DD650,__mbctoupper,141
0x004DD6E0,__mbsnbcpy,163
0x004DD790,__setmbcp,547
0x004DD9C0,getSystemCP,77
0x004DDA10,_CPtoLCID,56
0x004DDA70,setSBCS,44
0x004DDAB0,___initmbctable,11
0x004DDAC0,__filbuf,245
0x004DDBC0,__read,120
0x004DDC40,__read_lk,560
0x004DDE70,__write,120
0x004DDEF0,__write_lk,507
0x004DE1D0,__input,3033
0x004DEE70,__hextodec,62
0x004DEEB0,__inc,35
0x004DEEE0,__un_inc,24
0x004DEF00,__whiteout,43
0x004DEF30,__mbsnbicoll,59
0x004DEF70,___wtomb_environ,138
0x004DF000,__commit,162
0x004DF1A0,__XcptFilter,335
0x004DF2F0,xcptlookup,47
0x004DF420,__ismbblead,18
0x004DF490,x_ismbbtype,58
0x004DF4D0,__setenvp,229
0x004DF5C0,__setargv,155
0x004DF660,parse_cmdline,464
0x004DFA30,___crtGetEnvironmentStringsA,396
0x004DFBC0,__ioinit,480
0x004DFDA0,__ioterm,85
0x004DFE00,__heap_init,57
0x004DFE80,__FF_MSGBANNER,61
0x004DFEC0,__NMSG_WRITE,502
0x004E00F0,___crtGetStringTypeW,436
0x004E02B0,___crtGetStringTypeA,291
0x004E03E0,__lseek,120
0x004E0460,__lseek_lk,130
0x004E04F0,__getbuf,75
0x004E0540,__isatty,48
0x004E0570,_wctomb,86
0x004E05D0,__wctomb_lk,148
0x004E0670,__aulldiv,104
0x004E06E0,__aullrem,117
0x004E0810,__get_lc_time,884
0x004E0B90,FUN_004e0b90,563
0x004E0DD0,storeTimeFmt,243
0x004E0ED0,___init_numeric,534
0x004E10F0,fix_grouping,67
0x004E1230,FUN_004e1230,335
0x004E1380,FUN_004e1380,67
0x004E13D0,FUN_004e13d0,102
0x004E1440,___init_ctype,684
0x004E1700,_strcspn,62
0x004E1740,_strpbrk,58
0x004E1A80,trans_lang_lang,85
0x004E1AE0,trans_ctry_ctry,85
0x004E1C70,___sbh_new_region,368
0x004E1DE0,___sbh_release_region,94
0x004E1E40,___sbh_decommit_pages,215
0x004E1F20,___sbh_find_block,81
0x004E1F80,___sbh_free_block,70
0x004E1FD0,___sbh_alloc_block,634
0x004E2250,___sbh_alloc_block_from_page,380
0x004E23D0,___sbh_resize_block,200
0x004E24A0,___sbh_heap_check,470
0x004E2680,__alloc_osfhnd,318
0x004E27C0,__set_osfhnd,164
0x004E2870,__free_osfhnd,145
0x004E2910,__get_osfhandle,74
0x004E2A20,__lock_fhandle,97
0x004E2A90,__unlock_fhandle,40
0x004E2AE0,__sopen,1041
0x004E2F70,?__CxxUnhandledExceptionFilter@@YGJPAU_EXCEPTION_POINTERS@@@Z,88
0x004E2FE0,terminate,92
0x004E3055,_abort,5
0x004E3080,_inconsistency,100
0x004E30ED,terminate,5
0x004E3100,_ValidateRead,32
0x004E3120,_ValidateWrite,32
0x004E3140,_ValidateExecute,27
0x004E3160,_calloc,171
0x004E3250,__callnewh,62
0x004E3290,__statusfp,22
0x004E32B0,__clearfp,23
0x004E32D0,__control87,63
0x004E3310,__controlfp,24
0x004E3370,__abstract_cw,161
0x004E3420,__hw_cw,141
0x004E34B0,__abstract_sw,60
0x004E34F0,FUN_004e34f0,11
0x004E3500,__ZeroTail,100
0x004E3570,__IncMan,99
0x004E35E0,__RoundMan,172
0x004E3690,__CopyMan,29
0x004E36B0,__FillZeroMan,15
0x004E36C0,__IsZeroMan,29
0x004E36E0,__ShrMan,173
0x004E3790,__ld12cvt,459
0x004E3960,FID_conflict:__ld12tod,24
0x004E3980,FID_conflict:__ld12tod,24
0x004E3A30,FID_conflict:__atodbl,53
0x004E3AB0,FID_conflict:__atodbl,53
0x004E3AF0,__fptostr,129
0x004E3B80,__fltout2,129
0x004E3C10,___dtold,188
0x004E3CD0,_mbtowc,91
0x004E3D30,__mbtowc_lk,261
0x004E3E70,FID_conflict:_ungetc,136
0x004E3F00,___crtCompareStringW,571
0x004E4140,wcsncnt,51
0x004E4180,___crtCompareStringA,749
0x004E4470,_strncnt,44
0x004E44A0,___crtsetenv,592
0x004E46F0,findenv,92
0x004E4750,copy_environ,110
0x004E47C0,__fcloseall,152
0x004E4860,_wcslen,24
0x004E4880,___crtMessageBoxA,146
0x004E4920,__Getdays,229
0x004E4A10,__Getmonths,239
0x004E4FA0,__expandtime,1243
0x004E5540,__store_str,42
0x004E5570,__store_num,136
0x004E5600,__store_number,94
0x004E5660,__store_winword,630
0x004E5980,___getlocaleinfo,438
0x004E5C80,x64toa,160
0x004E5D40,___crtGetLocaleInfoW,302
0x004E5E70,___crtGetLocaleInfoA,319
0x004E6270,__chsize_lk,306
0x004E63B0,__onexit,140
0x004E6440,_atexit,19
0x004E64A0,_abort,31
0x004E6730,_raise,424
0x004E6910,siglookup,49
0x004E6970,___addl,35
0x004E69A0,___add_12,102
0x004E6A10,___shl_12,62
0x004E6A50,___shr_12,54
0x004E6A90,___mtold12,232
0x004E6B80,___strgtold12,1578
0x004E7320,$I10_OUTPUT,923
0x004E76C0,_realloc,450
0x004E7890,__mbschr,181
0x004E7950,__strdup,38
0x004E7980,___tzset,50
0x004E79E0,__tzset_lk,735
0x004E8160,FID_conflict:_towupper,156
0x004E8200,_iswctype,115
0x004E8310,__setmode_lk,105
0x004E8380,__msize,102
0x004E83F0,___ld12mul,678
0x004E86A0,___multtenpow12,123
0x004E8720,_wcstombs,91
0x004E8780,__wcstombs_lk,618
0x004E89F0,wcsncnt,49
0x004E8A2E,_RtlUnwind@16,6
